indicator,indicator_type,meta.source,meta.do_notice,meta.desc
d120f7eba74d6f39eea80e9193be341c48fd2b39,Intel::FILE_HASH,ABUSE-CH,F,MALWARE
4eb7075899aa2eaed9ba03322301f1d78a89bc76,Intel::FILE_HASH,ABUSE-CH,F,MALWARE
57d1464da3f19688610c9526b6dcac48760aeb78,Intel::FILE_HASH,ABUSE-CH,F,MALWARE
5782b6c0bf1eb4022d8e5c9d80968add1a761e08,Intel::FILE_HASH,ABUSE-CH,F,MALWARE
6fc915d989cbe98e89efa28cfffd07a7e7071e6b,Intel::FILE_HASH,ABUSE-CH,F,MALWARE
30bb6baaf5d33906658fa2b5b3ee5a62b87a978a,Intel::FILE_HASH,ABUSE-CH,F,MALWARE
fc9e19460bd3fd1c997f76bf7d31c85b31b0dca4,Intel::FILE_HASH,ABUSE-CH,F,MALWARE
179dd650c652fc28ca132f354dbe193d4e892bef,Intel::FILE_HASH,ABUSE-CH,F,MALWARE
819f0be1dbc81eb85163de4cea0f629c10325ec3,Intel::FILE_HASH,ABUSE-CH,F,MALWARE
6b631e14f8a563664a02d9a1d00c426ea6e572ef,Intel::FILE_HASH,ABUSE-CH,F,MALWARE
3b10ed57ea261a2587473b558826c4e4587cdc57,Intel::FILE_HASH,ABUSE-CH,F,MALWARE
56a69a6ace082f5fe2f04d97aea953bdd7df3aca,Intel::FILE_HASH,ABUSE-CH,F,MALWARE
22edef81c1fe81db499b3084b3c128b96a70c5a1,Intel::FILE_HASH,ABUSE-CH,F,MALWARE
5d7185e16f90433e860091445cfa904ad6a5ba6b,Intel::FILE_HASH,ABUSE-CH,F,MALWARE
0c8d49683747cbb9ac9efc702071395cae9fe2ab,Intel::FILE_HASH,ABUSE-CH,F,MALWARE
f6a3c80bcbd19c4fd13767040e77b0a2dbd5d746,Intel::FILE_HASH,ABUSE-CH,F,MALWARE
2d4286ca3c7706aee0b49f2b4d14e667824a5bf6,Intel::FILE_HASH,ABUSE-CH,F,MALWARE
3dae3c903f95217654ba1573798f945447fe2f5e,Intel::FILE_HASH,ABUSE-CH,F,MALWARE
c609d6fa7b30ec54d9f9f05eb59bf9857ad98662,Intel::FILE_HASH,ABUSE-CH,F,MALWARE
5e3d7e74ed4d6c48ae1110847f59efe03f641896,Intel::FILE_HASH,ABUSE-CH,F,MALWARE
69bc4cab0a1d08e103f2a003ce101b3eb8d9cdd7,Intel::FILE_HASH,ABUSE-CH,F,MALWARE
95789eb4d06b22cd450fe01c39e2a7a6f3dd6c16,Intel::FILE_HASH,ABUSE-CH,F,MALWARE
1d367e33e8cf273a56b8ddc493925c64ad7d648f,Intel::FILE_HASH,ABUSE-CH,F,MALWARE
a0a2321a3f0917db7fa42e03a1296f95e40e7c30,Intel::FILE_HASH,ABUSE-CH,F,MALWARE
c4657e92e7071ed21549e6be1d3a33af93925004,Intel::FILE_HASH,ABUSE-CH,F,MALWARE
a4d3c3c8cfe0cf04e3de11277d27d211c8ad1b52,Intel::FILE_HASH,ABUSE-CH,F,MALWARE
292fc63a1d767753790e78d08aec4bc97d19a5cc,Intel::FILE_HASH,ABUSE-CH,F,MALWARE
b8421d746f47c9c61e3aa98102b484b9b60f7bad,Intel::FILE_HASH,ABUSE-CH,F,MALWARE
0f00fe36e2a6cbc7dc9fb11ea8e13e1a9e853534,Intel::FILE_HASH,ABUSE-CH,F,MALWARE
54d65545279a44223699a0c9731fd21b1d82b7e5,Intel::FILE_HASH,ABUSE-CH,F,MALWARE
b06b43205f0102eb735da12a3198a10dbdd0af5d,Intel::FILE_HASH,ABUSE-CH,F,MALWARE
d978cb046c6ca900c621f6d4adc9f9d32c8a2307,Intel::FILE_HASH,ABUSE-CH,F,MALWARE
af69d56bbbefdc9b46b34178e9ee9a09689a9693,Intel::FILE_HASH,ABUSE-CH,F,MALWARE
b77d5d846a70f979b1b4d5761bb4967f037ea841,Intel::FILE_HASH,ABUSE-CH,F,MALWARE
156930254156a7af0f54f4b537d2aedf29d33966,Intel::FILE_HASH,ABUSE-CH,F,MALWARE
449e042db9b793c224bb1fbdf024e3ba8adde226,Intel::FILE_HASH,ABUSE-CH,F,MALWARE
97bfb5e496346dfcc03cd84c0b81f9b2349b6ebd,Intel::FILE_HASH,ABUSE-CH,F,MALWARE
fc6dea26cfe7ed304840aba9fa5df4156700f55e,Intel::FILE_HASH,ABUSE-CH,F,MALWARE
37bb516679a2818cc79eb7254bc3a6e6f6aa0935,Intel::FILE_HASH,ABUSE-CH,F,MALWARE
206037c84dba718a3149c081249eb7238ad711dc,Intel::FILE_HASH,ABUSE-CH,F,MALWARE
7ad67ef91f8b9ee9fa8ac9db113333175b2a94e4,Intel::FILE_HASH,ABUSE-CH,F,MALWARE
50ae25e7862660f28ca787e5f9ed3e5f17daade1,Intel::FILE_HASH,ABUSE-CH,F,MALWARE
fadaf1e8eb41afefbb973830b288b51c68cb9540,Intel::FILE_HASH,ABUSE-CH,F,MALWARE
985692a91aaf08a47e978a0aaef0d8e7e7595cc2,Intel::FILE_HASH,ABUSE-CH,F,MALWARE
c6e8032185c1f66b157b043cc1a839cdc7de506d,Intel::FILE_HASH,ABUSE-CH,F,MALWARE
cf0b4bac42733f31aa90e0ec43fb496bf696102b,Intel::FILE_HASH,ABUSE-CH,F,MALWARE
6e10c3600ade9892dc2e4da38b4e3cfcbad64ab1,Intel::FILE_HASH,ABUSE-CH,F,MALWARE
42f38c79695dc3514893a4d6e18f84318c1614c2,Intel::FILE_HASH,ABUSE-CH,F,MALWARE
cb5b38f688b8e19c32ebfbfccaf49171ceda1f28,Intel::FILE_HASH,ABUSE-CH,F,MALWARE
ed543e0cf97ff1bc500bebde653f50fcfaece1cc,Intel::FILE_HASH,ABUSE-CH,F,MALWARE
8084f27e5333831646cf9b28c7784cd2be7e1721,Intel::FILE_HASH,ABUSE-CH,F,MALWARE
607274016bcb327548d78a19d896019bdb5e0b23,Intel::FILE_HASH,ABUSE-CH,F,MALWARE
ec4137788b142a162065fa46493a7c02424f8e12,Intel::FILE_HASH,ABUSE-CH,F,MALWARE
4d6a6307df8302cca426099c6f4460e4fc130802,Intel::FILE_HASH,ABUSE-CH,F,MALWARE
1fa39fccc67c7fbcd6a381baf3f80ee9a79dae2a,Intel::FILE_HASH,ABUSE-CH,F,MALWARE
d0259e5cf9d1b13e6d9d498f655eb082cc2dc07f,Intel::FILE_HASH,ABUSE-CH,F,MALWARE
f0dcc30484d81ba12c4745dfc32dec93abcd39f1,Intel::FILE_HASH,ABUSE-CH,F,MALWARE
deeb9a3a38b1bfd3e5337581df16a240fe0ecac3,Intel::FILE_HASH,ABUSE-CH,F,MALWARE
8e8004ce786d9eaece399d89d114af3c3e6481d0,Intel::FILE_HASH,ABUSE-CH,F,MALWARE
dd5fc702a00af336071a2c1c6b800dafc703ff91,Intel::FILE_HASH,ABUSE-CH,F,MALWARE
af7e7e27f2b17aa22221d56e1ba09a6f31c12b51,Intel::FILE_HASH,ABUSE-CH,F,MALWARE
c23d60a72c13d435bbfbc428531f89a223024053,Intel::FILE_HASH,ABUSE-CH,F,MALWARE
e1bf4387221b994db7c94d9571862c231721a8e8,Intel::FILE_HASH,ABUSE-CH,F,MALWARE
1a1537a6b84996ab570d536052ac6d1b51e02353,Intel::FILE_HASH,ABUSE-CH,F,MALWARE
d30fef99ba4020417db2f36f0ba8ba0c1b2c1a0a,Intel::FILE_HASH,ABUSE-CH,F,MALWARE
708be32ffe21f37efd99d42befdcae82ba85540b,Intel::FILE_HASH,ABUSE-CH,F,MALWARE
ee1972dd5b96bd33dee22c6bee867e95f0e75c5c,Intel::FILE_HASH,ABUSE-CH,F,MALWARE
dee566a9b164bfb8c69f92428cc883561d2ecb51,Intel::FILE_HASH,ABUSE-CH,F,MALWARE
759bc85d98efb432b31f772e30c09a36420850d2,Intel::FILE_HASH,ABUSE-CH,F,MALWARE
f13d25a5fa532fff5c496e2e9ed8a720a69fbef0,Intel::FILE_HASH,ABUSE-CH,F,MALWARE
80e47bb1cd51f0fc660cc24f8af62bf8847a9a4a,Intel::FILE_HASH,ABUSE-CH,F,MALWARE
55eec20005f77e94488d377446b4c9aca5b7e453,Intel::FILE_HASH,ABUSE-CH,F,MALWARE
9ada72bf5ea6e4464cd63605a1ec4fdb69b28dbe,Intel::FILE_HASH,ABUSE-CH,F,MALWARE
807e30581fe479fc76223f0ef9e126834d8179f2,Intel::FILE_HASH,ABUSE-CH,F,MALWARE
26539d95c0c1a9b872469dab1e0d09ca54df9207,Intel::FILE_HASH,ABUSE-CH,F,MALWARE
f5f2634f60b18f0eddb9edd155f89329d85315a1,Intel::FILE_HASH,ABUSE-CH,F,MALWARE
980f07f67302d588946e920dfdabdca3d3a8a05d,Intel::FILE_HASH,ABUSE-CH,F,MALWARE
e7e6cc2691049ace5012e7fc706a5f5c41fa71dd,Intel::FILE_HASH,ABUSE-CH,F,MALWARE
65ba94495c65b78ebbfd6d59908cff81e891bba6,Intel::FILE_HASH,ABUSE-CH,F,MALWARE
34c6e16bc42a5af390991d61f78a98bc6ed87c2f,Intel::FILE_HASH,ABUSE-CH,F,MALWARE
1846e071bc32e374172ebe5835b9c679d30f92fd,Intel::FILE_HASH,ABUSE-CH,F,MALWARE
b2e389672d026f31f3b70eefd710944a5a64367e,Intel::FILE_HASH,ABUSE-CH,F,MALWARE
aa9220315c22188a4478e2fbc5ab16f6ce33936b,Intel::FILE_HASH,ABUSE-CH,F,MALWARE
21a14766846449b8f7b65b2b680b936e87320385,Intel::FILE_HASH,ABUSE-CH,F,MALWARE
58a7e2f5ca176afbdeffc8634bdb5bc105b91dde,Intel::FILE_HASH,ABUSE-CH,F,MALWARE
42f6a4f6b21eca1df529e71fe40e303d1e530692,Intel::FILE_HASH,ABUSE-CH,F,MALWARE
b36cdaa68a18962e07f3d9c862b4f0bf17c16345,Intel::FILE_HASH,ABUSE-CH,F,MALWARE
6dbce49761da2db96277b1c7cd65176ca9b7fa58,Intel::FILE_HASH,ABUSE-CH,F,MALWARE
7b5903254e100b884c1ad907bc6973700f7bbb9f,Intel::FILE_HASH,ABUSE-CH,F,MALWARE
9d0c78e7d08e01fe65858d1e2c690af0c79cc209,Intel::FILE_HASH,ABUSE-CH,F,MALWARE
e03a3925deefb4888331a3c9573a5199248ac9f5,Intel::FILE_HASH,ABUSE-CH,F,MALWARE
7976f04167beabc1243ce6d9b3a02b0ee49b56bd,Intel::FILE_HASH,ABUSE-CH,F,MALWARE
ccbf18454fd0d0c02c54f529bb0c25fd44ad2b98,Intel::FILE_HASH,ABUSE-CH,F,MALWARE
a04692696e6c974bd06c29665f6875f94b82e1f1,Intel::FILE_HASH,ABUSE-CH,F,MALWARE
705ce5826b18310bc1d9dc2e972d35a02f5030c6,Intel::FILE_HASH,ABUSE-CH,F,MALWARE
517c8575d14540ecd15df6714cbb226b2f6c0e21,Intel::FILE_HASH,ABUSE-CH,F,MALWARE
16b27e574fd32f23eb061fe1c8f699df9d338b54,Intel::FILE_HASH,ABUSE-CH,F,MALWARE
7d64a644d8a36da7188ed6ffd41e1db0cb9c35f1,Intel::FILE_HASH,ABUSE-CH,F,MALWARE
725267275ae18ea5f45798957c100eb3136edda6,Intel::FILE_HASH,ABUSE-CH,F,MALWARE
91b31807f78c59ac463c15e2a4a94d3e4ec85958,Intel::FILE_HASH,ABUSE-CH,F,MALWARE
7aa2b81725b094a52d7e2a79c0c5ee44dbe86fa3,Intel::FILE_HASH,ABUSE-CH,F,MALWARE
357aec6973f9593ed518771d638f589d860565b5,Intel::FILE_HASH,ABUSE-CH,F,MALWARE
9daaaa1a7216add77a52aac77ffca2bfb810e482,Intel::FILE_HASH,ABUSE-CH,F,MALWARE
6cc8cc7370f4f112c3c35d3df9626cb20cc636a0,Intel::FILE_HASH,ABUSE-CH,F,MALWARE
4116f49a0f39ecb828c34215ea0b3701a380991a,Intel::FILE_HASH,ABUSE-CH,F,MALWARE
7f41c5645853c5085c49ccdd4d035ce137a09762,Intel::FILE_HASH,ABUSE-CH,F,MALWARE
e0d61ce862f8bcfde7643cd1230bb14441516fb5,Intel::FILE_HASH,ABUSE-CH,F,MALWARE
f04b1e5629e167d21f16eac25416c316472af070,Intel::FILE_HASH,ABUSE-CH,F,MALWARE
136eef90751334d3718816c1f16b37668db305ed,Intel::FILE_HASH,ABUSE-CH,F,MALWARE
adb10affd67132d102a5b8a5ccb3282fd65c579e,Intel::FILE_HASH,ABUSE-CH,F,MALWARE
d1fcfa8821e09f56164fc5c51ed044bc1956477c,Intel::FILE_HASH,ABUSE-CH,F,MALWARE
305a3ee647995a083bd9a82ec657d3e83a60aa8e,Intel::FILE_HASH,ABUSE-CH,F,MALWARE
6d2c4bbc302d8b51e7843816c3d9c72421bc4419,Intel::FILE_HASH,ABUSE-CH,F,MALWARE
81119e2c3b411be159ff1389e20ae90b8e5a781c,Intel::FILE_HASH,ABUSE-CH,F,MALWARE
08f2c75c966384219c4bf65e7520e226c6a00252,Intel::FILE_HASH,ABUSE-CH,F,MALWARE
422d116fb5492ee5fee7ac6b0584f77e667d0367,Intel::FILE_HASH,ABUSE-CH,F,MALWARE
8256d9b9fb81960e523990c1cf7d7daeda116963,Intel::FILE_HASH,ABUSE-CH,F,MALWARE
84252044f7af6478ec0d2db1f5f6330ae8341b11,Intel::FILE_HASH,ABUSE-CH,F,MALWARE
9c9880542d3d91b000ba2d3499f32e20784038db,Intel::FILE_HASH,ABUSE-CH,F,MALWARE
43e3ca4df323bd53bc0888efec50f3295b7569de,Intel::FILE_HASH,ABUSE-CH,F,MALWARE
95489050a7e5a773a38873eb0ad69eac132dd6c5,Intel::FILE_HASH,ABUSE-CH,F,MALWARE
06ab8cc90a6b5029928cfc556cf58d9153ce9985,Intel::FILE_HASH,ABUSE-CH,F,MALWARE
76aaee2df541d18f148d075ab036aab06b7f671d,Intel::FILE_HASH,ABUSE-CH,F,MALWARE
14e4719a1627a54d36cd1d2460028d2de46b942e,Intel::FILE_HASH,ABUSE-CH,F,MALWARE
ba088de3a2d3e05a7af056af4a47912f64f96201,Intel::FILE_HASH,ABUSE-CH,F,MALWARE
57e1d0b782c174059611aae4a6d195c1edce5536,Intel::FILE_HASH,ABUSE-CH,F,MALWARE
c1f8bf04be778c64029d02ada70fedc4878d74ac,Intel::FILE_HASH,ABUSE-CH,F,MALWARE
53fa5d6d3cf75f2444a38907d1170cd820cf2196,Intel::FILE_HASH,ABUSE-CH,F,MALWARE
f45940f1d84bb2dc7577e46adeab8b0c5e5b7910,Intel::FILE_HASH,ABUSE-CH,F,MALWARE
f087679f7d0a5b3fd55f9a9fd5df4a44d1d20221,Intel::FILE_HASH,ABUSE-CH,F,MALWARE
569e2167811f380f7218f4bdac725ef3952876ff,Intel::FILE_HASH,ABUSE-CH,F,MALWARE
a5412dccd1a204bcd76e09b99a16140da3b9bf09,Intel::FILE_HASH,ABUSE-CH,F,MALWARE
704d82df32e0c2d5c7ab11b00ce9fcc54e1c6ade,Intel::FILE_HASH,ABUSE-CH,F,MALWARE
4991cce0cbee3ffaa71fdb94d7fc564fe9169f3d,Intel::FILE_HASH,ABUSE-CH,F,MALWARE
ffe557f820f063c7633636c623edf847304b6a09,Intel::FILE_HASH,ABUSE-CH,F,MALWARE
a170f5338ea4dce983b80538ec5da333eafaabb8,Intel::FILE_HASH,ABUSE-CH,F,MALWARE
3920a844c427c4fe60ef71f51503b67b094828cc,Intel::FILE_HASH,ABUSE-CH,F,MALWARE
d9c867640ff0501be51cb36b7db485127aff3a9a,Intel::FILE_HASH,ABUSE-CH,F,MALWARE
89e486407970bd8c13130b08f244fa0238b76132,Intel::FILE_HASH,ABUSE-CH,F,MALWARE
ecd1be310d63e722180dac0afa550e8ceb30a577,Intel::FILE_HASH,ABUSE-CH,F,MALWARE
7fe8414fe3bc35854a30b5ad87e3f8b5c1fa199f,Intel::FILE_HASH,ABUSE-CH,F,MALWARE
64ba56ced1e0e90c8d4452705796474c8ebb1704,Intel::FILE_HASH,ABUSE-CH,F,MALWARE
1930994fe980c88f031b914fe35d57049f102ad6,Intel::FILE_HASH,ABUSE-CH,F,MALWARE
8057152364fdbcbd18811eb09baabae1a32b2db5,Intel::FILE_HASH,ABUSE-CH,F,MALWARE
72844ef8b6afd26fa84f7a3d3e1beabe9d8140e7,Intel::FILE_HASH,ABUSE-CH,F,MALWARE
f0ac6249c99f5a498ba90040ba4bdeb2ebefa5f7,Intel::FILE_HASH,ABUSE-CH,F,MALWARE
f9ec500cc050101e0e2f45f94e6906edd9fb8d2b,Intel::FILE_HASH,ABUSE-CH,F,MALWARE
3b8b55e3d35c977bcdf65d88c9aa52b50c87f168,Intel::FILE_HASH,ABUSE-CH,F,MALWARE
aaeddf44481ada2b78806009541c1fea56747ca7,Intel::FILE_HASH,ABUSE-CH,F,MALWARE
516fe79b38b0aca0ab500a0571792f2d99d72682,Intel::FILE_HASH,ABUSE-CH,F,MALWARE
970df8270705d31a24970ac819662748fe359a47,Intel::FILE_HASH,ABUSE-CH,F,MALWARE
9f5990e9fa719d2f8dd1373cd2cb2abf905e0d9f,Intel::FILE_HASH,ABUSE-CH,F,MALWARE
454efb3ec8e3d3ca25d704b0f5bbead19e09466d,Intel::FILE_HASH,ABUSE-CH,F,MALWARE
5bf4ccc25b695d4565283e25f133d5d80e0e3074,Intel::FILE_HASH,ABUSE-CH,F,MALWARE
30bc73c6672e6c46d21086a04762ce4170fd4e99,Intel::FILE_HASH,ABUSE-CH,F,MALWARE
96107ce1969b19a786fdfe0ba810bbb49c03aa1c,Intel::FILE_HASH,ABUSE-CH,F,MALWARE
c9803b820b9f78adb1650f4423f41741aaa29cf3,Intel::FILE_HASH,ABUSE-CH,F,MALWARE
d46536ea19b177f95ea4e0568f901ca24cfdb42b,Intel::FILE_HASH,ABUSE-CH,F,MALWARE
de7058158b7d66c52628a644de65948e95319409,Intel::FILE_HASH,ABUSE-CH,F,MALWARE
7f07e04bac9bacca611cbf17faeb4c51023b74c1,Intel::FILE_HASH,ABUSE-CH,F,MALWARE
1cfab76ae6d607178bd827ec019639d4111a98a2,Intel::FILE_HASH,ABUSE-CH,F,MALWARE
8883ff5ff4ba025a42255ce0fa45ce7bf5c2c146,Intel::FILE_HASH,ABUSE-CH,F,MALWARE
4ada6dc4d65fb0140e14c6c77c1493649b598180,Intel::FILE_HASH,ABUSE-CH,F,MALWARE
f13e08e01feb786c58b7f485ccd6462b32f0d14e,Intel::FILE_HASH,ABUSE-CH,F,MALWARE
78664b35e371b08bd87ff410288c4185622fb0b5,Intel::FILE_HASH,ABUSE-CH,F,MALWARE
3a03ecc8db62cb83832abe5bfb24d7542f80df9f,Intel::FILE_HASH,ABUSE-CH,F,MALWARE
0be1308a128833dc35126e930c7c73262e864c63,Intel::FILE_HASH,ABUSE-CH,F,MALWARE
aca464ae81f26c415a65fadd91cceea55716d617,Intel::FILE_HASH,ABUSE-CH,F,MALWARE
fdd39084fdd4d7ab16356c7847fa86b92c359481,Intel::FILE_HASH,ABUSE-CH,F,MALWARE
59d12fd3e366ac36f4711afb529621f2ba66ee51,Intel::FILE_HASH,ABUSE-CH,F,MALWARE
2ad615a3b83a3e0e47ec022cfe51aa5b01ea033f,Intel::FILE_HASH,ABUSE-CH,F,MALWARE
df2b580f61876f7b2b7f1fea312eafb81ae3b406,Intel::FILE_HASH,ABUSE-CH,F,MALWARE
c71045ed086daee981779b0bd7f63ca426040b80,Intel::FILE_HASH,ABUSE-CH,F,MALWARE
669f70ca72ca2ec49bcfad075949f5efa0a9ec62,Intel::FILE_HASH,ABUSE-CH,F,MALWARE
6322a024d5ac9889776b335a0af156b9790402ab,Intel::FILE_HASH,ABUSE-CH,F,MALWARE
537e8cdc0c57dd9a9f95604d8957939c2ee4836c,Intel::FILE_HASH,ABUSE-CH,F,MALWARE
ed62786497220ef110a774aebe24e400f0ed8517,Intel::FILE_HASH,ABUSE-CH,F,MALWARE
5f504f1090edd7d357ba92fd9d9615524b8345a5,Intel::FILE_HASH,ABUSE-CH,F,MALWARE
f52033f8d87cb4f545a59d5e12497bec5571549c,Intel::FILE_HASH,ABUSE-CH,F,MALWARE
76ed09c9e3ea04417551eb4bd277e5dd2ec6fecf,Intel::FILE_HASH,ABUSE-CH,F,MALWARE
aee48464c097ed4a86068f4de7ae0c221d30162f,Intel::FILE_HASH,ABUSE-CH,F,MALWARE
cd116ebcf55e8ea855d9e99431142176e0a08b01,Intel::FILE_HASH,ABUSE-CH,F,MALWARE
b2852912d7b36bea65221072937daf29c5ff0f4b,Intel::FILE_HASH,ABUSE-CH,F,MALWARE
9a9cf147c42aeecc22cea9576cbeaabe987fe80e,Intel::FILE_HASH,ABUSE-CH,F,MALWARE
3a0918905b10241fdefeb62ac996712b5c5cec59,Intel::FILE_HASH,ABUSE-CH,F,MALWARE
551148128c95bb551e745afff245f46636268d57,Intel::FILE_HASH,ABUSE-CH,F,MALWARE
1c435080cfb6db4bcb36f9eba7cbeaa8acb6613f,Intel::FILE_HASH,ABUSE-CH,F,MALWARE
02ee12acadbfc4448412bf1a8ad3c20c738d6620,Intel::FILE_HASH,ABUSE-CH,F,MALWARE
2365f2e09a88486d2c0d748434b4436cbef78a5f,Intel::FILE_HASH,ABUSE-CH,F,MALWARE
687b8104ae862c3ad91a08483b0fe266881a4d50,Intel::FILE_HASH,ABUSE-CH,F,MALWARE
12bb4dfde04dc44b337fb28752896469287ff8c2,Intel::FILE_HASH,ABUSE-CH,F,MALWARE
4add82acccdca59dbb9470fd62e668e98f1a15ae,Intel::FILE_HASH,ABUSE-CH,F,MALWARE
ca8320eb6848cd32109ee8603168155a3e43b5e8,Intel::FILE_HASH,ABUSE-CH,F,MALWARE
f4e6777915745cb43cf1a974d989f59e47046ce3,Intel::FILE_HASH,ABUSE-CH,F,MALWARE
dee1d0309a2a2e0de63ff636eb553a352e1b36d3,Intel::FILE_HASH,ABUSE-CH,F,MALWARE
c5de84a8d08b2fb18190fd4dbc62bf5f74e00ed2,Intel::FILE_HASH,ABUSE-CH,F,MALWARE
2fffe27bc9d7c212e7e557402e1aac22e54fcc8f,Intel::FILE_HASH,ABUSE-CH,F,MALWARE
472123084a328c38cfc18d2520ea8fae1f3e0a37,Intel::FILE_HASH,ABUSE-CH,F,MALWARE
e9742711e8c8343239c2c45900d21665225e8b59,Intel::FILE_HASH,ABUSE-CH,F,MALWARE
d067a94396be4acb3244773bbb440e4e6bf15d8a,Intel::FILE_HASH,ABUSE-CH,F,MALWARE
58095a183564588d46f90de0df699d45ca78aaf1,Intel::FILE_HASH,ABUSE-CH,F,MALWARE
5e1b63a86a5c9cd68e4ff441514a5a5f232fd88f,Intel::FILE_HASH,ABUSE-CH,F,MALWARE
bf63a98db3c3b5c7921e12219af0bd002ed8abaf,Intel::FILE_HASH,ABUSE-CH,F,MALWARE
f55673320740e3a13e25527bdb5c8f7b297b29ce,Intel::FILE_HASH,ABUSE-CH,F,MALWARE
e31e65206651c575b769e05bd1b3cb52791dfa45,Intel::FILE_HASH,ABUSE-CH,F,MALWARE
c4f0c26a699e81f53da6b75d04496984a1776802,Intel::FILE_HASH,ABUSE-CH,F,MALWARE
0168c8fa3f147c398c8d1c6197a56ccc86088e98,Intel::FILE_HASH,ABUSE-CH,F,MALWARE
72eeaf8d410332de7c05ce38a46572b8fe5c1ea5,Intel::FILE_HASH,ABUSE-CH,F,MALWARE
0151829bd469777ec072640ae34445de89ed1310,Intel::FILE_HASH,ABUSE-CH,F,MALWARE
499d18d27db385753f306fe1d133682d12d34c62,Intel::FILE_HASH,ABUSE-CH,F,MALWARE
29a21b6970cf47fe514bdff500d8b1d326420024,Intel::FILE_HASH,ABUSE-CH,F,MALWARE
bb8a75ca830db8bc69be7997606d38d3ac81f112,Intel::FILE_HASH,ABUSE-CH,F,MALWARE
2f3bdb301604c3cc24b0f8e9a1ac0969f861d854,Intel::FILE_HASH,ABUSE-CH,F,MALWARE
a7f92824e0155fd5f603a20f67195d02dc985e5d,Intel::FILE_HASH,ABUSE-CH,F,MALWARE
0da125eec825ae1a19b05900342e8f82e9d5826e,Intel::FILE_HASH,ABUSE-CH,F,MALWARE
d468296e4ec913ae2ef6ff57df49ebc3b431d7a3,Intel::FILE_HASH,ABUSE-CH,F,MALWARE
ce4f2627f2bc5791d7576402d7a269d797e38d40,Intel::FILE_HASH,ABUSE-CH,F,MALWARE
1526b0a5b5b9e70c9373d145b555773f436c39c6,Intel::FILE_HASH,ABUSE-CH,F,MALWARE
131bb6e207ee5d5e62a5b3e5d765ed52e0ddac8d,Intel::FILE_HASH,ABUSE-CH,F,MALWARE
b1c52aeafff2df9e4412118f9e09a8187ffd47b0,Intel::FILE_HASH,ABUSE-CH,F,MALWARE
ffad03e46f4f93ade098840784b17d870834ca19,Intel::FILE_HASH,ABUSE-CH,F,MALWARE
4cb118a63c4adeb98161541541e0c9622fe60254,Intel::FILE_HASH,ABUSE-CH,F,MALWARE
1f5bc6e890d8e98586bb9ea4b68c5cc6d3e1626d,Intel::FILE_HASH,ABUSE-CH,F,MALWARE
1cfc117331d07ca2fc2dd1c758b2fa24a21966a4,Intel::FILE_HASH,ABUSE-CH,F,MALWARE
f11aefc5568f0a86fee35809420da22d6fb331d8,Intel::FILE_HASH,ABUSE-CH,F,MALWARE
459842f88ff6ad6f34f6538475dfeab3fe385b56,Intel::FILE_HASH,ABUSE-CH,F,MALWARE
4494cc8265172ea2312f405af1fe4191e8ff92dc,Intel::FILE_HASH,ABUSE-CH,F,MALWARE
e5fa2a58fef882e8a2f6bc6b783552679ce78505,Intel::FILE_HASH,ABUSE-CH,F,MALWARE
34642ade307c6818a31030c5bfbd7585be838403,Intel::FILE_HASH,ABUSE-CH,F,MALWARE
30b929795440c24991309e76c87646b58e85d019,Intel::FILE_HASH,ABUSE-CH,F,MALWARE
9bbf240fe7c4d2eadec961c88dc80adb07833852,Intel::FILE_HASH,ABUSE-CH,F,MALWARE
354c4abb97fbca599d09bcabdd65cf726d41b18c,Intel::FILE_HASH,ABUSE-CH,F,MALWARE
86db8c349a92aec75892158134906926225d99ed,Intel::FILE_HASH,ABUSE-CH,F,MALWARE
44f3695703af3e955125906661d43bff490dc85a,Intel::FILE_HASH,ABUSE-CH,F,MALWARE
0bd01b874a725b2cdefa6ca537e11fbd603afe9e,Intel::FILE_HASH,ABUSE-CH,F,MALWARE
71becc1cb3714cd097bf5506cd87d156aed88f44,Intel::FILE_HASH,ABUSE-CH,F,MALWARE
81601c4b333ac59c8f8b521d4b346c3887fae095,Intel::FILE_HASH,ABUSE-CH,F,MALWARE
fa3704d9bb18fb0e480c7313d015608f52005375,Intel::FILE_HASH,ABUSE-CH,F,MALWARE
ae1522f0e641d077af5cd816341b6f64ebab4a4f,Intel::FILE_HASH,ABUSE-CH,F,MALWARE
8250162c4d49735d2a96628cd28664e96a6673f4,Intel::FILE_HASH,ABUSE-CH,F,MALWARE
3e025e6f7483e10cb193ecf81cb08dfa7a6d8f17,Intel::FILE_HASH,ABUSE-CH,F,MALWARE
edd1cb34a6814dbc4e40435ca60fde3987532541,Intel::FILE_HASH,ABUSE-CH,F,MALWARE
58d840d4f26cf510ec357c938667df5b6fc0acf9,Intel::FILE_HASH,ABUSE-CH,F,MALWARE
5c3d6dd807c6deeaaf1ba1ded8004df630ca2e1f,Intel::FILE_HASH,ABUSE-CH,F,MALWARE
90af96e78be4c7c43c3e1772c89b7857b2ce39d7,Intel::FILE_HASH,ABUSE-CH,F,MALWARE
fb699cafe5b081d06ef30776686bbdbb0f777600,Intel::FILE_HASH,ABUSE-CH,F,MALWARE
483ff301c59401bff7741dc2708e0208c1cf6294,Intel::FILE_HASH,ABUSE-CH,F,MALWARE
72b4a8581870ddcfe2a22584027c65ed9cbebb1a,Intel::FILE_HASH,ABUSE-CH,F,MALWARE
7839674ad66aee7c73d12c3246538cab81da0919,Intel::FILE_HASH,ABUSE-CH,F,MALWARE
653e7244651d5d6c894281dfb81a03f57f5a7dd9,Intel::FILE_HASH,ABUSE-CH,F,MALWARE
951b0d6655e2207c52a0675aaa82ec9f9fca7e7a,Intel::FILE_HASH,ABUSE-CH,F,MALWARE
74b136cda629c0a99dd9f805efe545bb3bebcc1f,Intel::FILE_HASH,ABUSE-CH,F,MALWARE
a033b1fb4abeaf19ad79279da40cc497a3ba46ec,Intel::FILE_HASH,ABUSE-CH,F,MALWARE
62d3baf69f255ad8550bd56c1fc62a6992d770f8,Intel::FILE_HASH,ABUSE-CH,F,MALWARE
bdcf38174039175c2842f53176ef5204b41db6da,Intel::FILE_HASH,ABUSE-CH,F,MALWARE
1e55a77be83bf791bd427d8af617123e3729eb9d,Intel::FILE_HASH,ABUSE-CH,F,MALWARE
a39362b3e620f6c8cfdb59193ce55ca7545c5183,Intel::FILE_HASH,ABUSE-CH,F,MALWARE
e523e61395679fc4d8990d639852903627df1feb,Intel::FILE_HASH,ABUSE-CH,F,MALWARE
75c1d29b6038b8295b551c5b4d8d9860f0410b80,Intel::FILE_HASH,ABUSE-CH,F,MALWARE
4052a36dcadfaf68e65997bf9210c5a5bbd2e4d8,Intel::FILE_HASH,ABUSE-CH,F,MALWARE
7f2cbe9db680aa026f5615249a0a616bc4c14a17,Intel::FILE_HASH,ABUSE-CH,F,MALWARE
bc595c83dae4eb0b0140d1dfde3408864068487a,Intel::FILE_HASH,ABUSE-CH,F,MALWARE
fabb6122c7a21c8f14962eba2452bf18091f3347,Intel::FILE_HASH,ABUSE-CH,F,MALWARE
5a00ca99c9efadc109f6837dca9bc3b5c021087d,Intel::FILE_HASH,ABUSE-CH,F,MALWARE
638f0b61556236254e3dce9828e8027303d92561,Intel::FILE_HASH,ABUSE-CH,F,MALWARE
ad9b5d0b12dc1e03f0ceaad1960ddf451065fa60,Intel::FILE_HASH,ABUSE-CH,F,MALWARE
beecc44c72abc5767eb25cfa23f05b993414e647,Intel::FILE_HASH,ABUSE-CH,F,MALWARE
286f022416190ec260d5c91b091c9d4ad79075b7,Intel::FILE_HASH,ABUSE-CH,F,MALWARE
943399882c37948a204d8fc311e6465b9dd958a8,Intel::FILE_HASH,ABUSE-CH,F,MALWARE
07f5d6e33b44a924ef2f1adaee9531e6770191f7,Intel::FILE_HASH,ABUSE-CH,F,MALWARE
d5b788cf8883dd4ea7335d2888dbbea05cd726e4,Intel::FILE_HASH,ABUSE-CH,F,MALWARE
732dfbefbf39265406a9062fc32d3cfe761ec135,Intel::FILE_HASH,ABUSE-CH,F,MALWARE
865eee3f2a6c866d381c4a90c1b1ad6aae7f7b13,Intel::FILE_HASH,ABUSE-CH,F,MALWARE
b4d069c3ec09574e49bace3d5d65d8bedf77cbd4,Intel::FILE_HASH,ABUSE-CH,F,MALWARE
3ac85aa3e96ad1dab43fce84c5825661d4b5170a,Intel::FILE_HASH,ABUSE-CH,F,MALWARE
72b7fcddce0d98f01feb114d44b23588de282877,Intel::FILE_HASH,ABUSE-CH,F,MALWARE
3c6363430d59264fc924efa1369f9144a944b373,Intel::FILE_HASH,ABUSE-CH,F,MALWARE
27f87c244d812e56ab29d22326dc44064647612b,Intel::FILE_HASH,ABUSE-CH,F,MALWARE
fa4e60f75a20328994e4a27a6b6dc357950cdfe4,Intel::FILE_HASH,ABUSE-CH,F,MALWARE
6ff0b5417520fad260536929f531e84006c2a865,Intel::FILE_HASH,ABUSE-CH,F,MALWARE
578fa119329224f5991e828e86ca47a219e1c806,Intel::FILE_HASH,ABUSE-CH,F,MALWARE
fd4eccec2700a463af634e08d893eef1c3686668,Intel::FILE_HASH,ABUSE-CH,F,MALWARE
857bffaf0f6828b47196829a2ea0cdd3eb561741,Intel::FILE_HASH,ABUSE-CH,F,MALWARE
137a78827c07c77352d7c09a47a3adfe0373625a,Intel::FILE_HASH,ABUSE-CH,F,MALWARE
8e82a7ce6be011eedad96a8b8c2432cbd5c9f0fa,Intel::FILE_HASH,ABUSE-CH,F,MALWARE
fc45897476a9db15478fccee7647172ded5fa11c,Intel::FILE_HASH,ABUSE-CH,F,MALWARE
706406ad2a4cfb30ea07153d9f44fb24ebfab7fc,Intel::FILE_HASH,ABUSE-CH,F,MALWARE
54f4dcdd091614f0da77d2150cc01daaef87d267,Intel::FILE_HASH,ABUSE-CH,F,MALWARE
4fc758daaaf9dee0a251378d6bc63d1eb8cce020,Intel::FILE_HASH,ABUSE-CH,F,MALWARE
ee690f8ff9dfeb3e969839032e2673dae9812f55,Intel::FILE_HASH,ABUSE-CH,F,MALWARE
912c75b316b19fa55d42a112b150eb07277b0313,Intel::FILE_HASH,ABUSE-CH,F,MALWARE
081ad50b3a4eb87ecc369fce566903f6d7cccef5,Intel::FILE_HASH,ABUSE-CH,F,MALWARE
19993074356adb6af7bd61ddd45130febcd33d45,Intel::FILE_HASH,ABUSE-CH,F,MALWARE
491269ed2d5f8086ea8f0dba785f298acef61d39,Intel::FILE_HASH,ABUSE-CH,F,MALWARE
7317908e5c6faa2621d710a1be527350f23d2346,Intel::FILE_HASH,ABUSE-CH,F,MALWARE
bfc1ea0826f7c23f23f442a6f4809ecc8a0857bd,Intel::FILE_HASH,ABUSE-CH,F,MALWARE
da567ab609c3fb5f2cbf9e85e09d7668c7d0384c,Intel::FILE_HASH,ABUSE-CH,F,MALWARE
79ee9c555eebfd7b23606128c2fd050ca5134b47,Intel::FILE_HASH,ABUSE-CH,F,MALWARE
42cc51097632521cbfe1bdd81da731d6e37eb399,Intel::FILE_HASH,ABUSE-CH,F,MALWARE
4b03767d2aa503f191adf24d967f62ec3a492827,Intel::FILE_HASH,ABUSE-CH,F,MALWARE
0d92fb682f9c655b90569bc21ac849becdd04ccb,Intel::FILE_HASH,ABUSE-CH,F,MALWARE
0faf952a07bbb7de84aa6ff0c78e9884e83eb403,Intel::FILE_HASH,ABUSE-CH,F,MALWARE
0d59eac16604a2593079f229763b4a69e902e046,Intel::FILE_HASH,ABUSE-CH,F,MALWARE
b9d52456314f5e08d36cae33885f33ebc020de5b,Intel::FILE_HASH,ABUSE-CH,F,MALWARE
4b26ec3efbbc82ac96af3cd833ace7f4eade2962,Intel::FILE_HASH,ABUSE-CH,F,MALWARE
a98d2dba312d2a841aca142f86c12fd34eef698e,Intel::FILE_HASH,ABUSE-CH,F,MALWARE
c49fce513db94952c674a89bbf4f72822587ada8,Intel::FILE_HASH,ABUSE-CH,F,MALWARE
bb91ced3b18c61b560d62b92a6619fed99717d33,Intel::FILE_HASH,ABUSE-CH,F,MALWARE
3cf49518dd5cf3b7894c717038bd0f709d8e1249,Intel::FILE_HASH,ABUSE-CH,F,MALWARE
1d0e8377773671bf43e53ceb18651c9588beccc8,Intel::FILE_HASH,ABUSE-CH,F,MALWARE
4793486c9fee140382dee47c02dc2ca2816da340,Intel::FILE_HASH,ABUSE-CH,F,MALWARE
21f5af837cf76313c93a5d64f5e425c0754c7e49,Intel::FILE_HASH,ABUSE-CH,F,MALWARE
e18fb4adbbb1b02e21f8273042ee84158f8e4234,Intel::FILE_HASH,ABUSE-CH,F,MALWARE
0fe005334900f76ce9ec62a710daeb2e018aaad8,Intel::FILE_HASH,ABUSE-CH,F,MALWARE
395112a75a8049d8a8d8126cd2575c626ef9c4dd,Intel::FILE_HASH,ABUSE-CH,F,MALWARE
cf119a73326614fc12c278f05bb327fa7643a20f,Intel::FILE_HASH,ABUSE-CH,F,MALWARE
d8c73fb40810868b0456cbd757a060cb767a85f6,Intel::FILE_HASH,ABUSE-CH,F,MALWARE
c25bf42a824aa11c90425a23ade286cf1bd5a06b,Intel::FILE_HASH,ABUSE-CH,F,MALWARE
433663bb3bc247d174e46b37ce68d1f0d136f261,Intel::FILE_HASH,ABUSE-CH,F,MALWARE
51b9d06c4b8d8defc8ca8b063d9f656692bced42,Intel::FILE_HASH,ABUSE-CH,F,MALWARE
c7a72caf4f8ce7364727a18eaffbeb143c059a45,Intel::FILE_HASH,ABUSE-CH,F,MALWARE
377bea168a63f8d7b2e13e249755cf895d683b6f,Intel::FILE_HASH,ABUSE-CH,F,MALWARE
c02f27b7c7bb546476a165a716f9e5b0ef274570,Intel::FILE_HASH,ABUSE-CH,F,MALWARE
7d77f2a106b3229587143cc962eaa2f36b288f43,Intel::FILE_HASH,ABUSE-CH,F,MALWARE
703137cb507ac24ebf932209e91645f541b16633,Intel::FILE_HASH,ABUSE-CH,F,MALWARE
c62fad210e98e8543a98b2d5f6186719084ce404,Intel::FILE_HASH,ABUSE-CH,F,MALWARE
b20009a07d9e33eb509581d652c40d57c23d2f2d,Intel::FILE_HASH,ABUSE-CH,F,MALWARE
6ce0f36a16e7c46d6e0df9cc3696054c3a1c8004,Intel::FILE_HASH,ABUSE-CH,F,MALWARE
523326c0b50f7a03a8b6c97cb08da09d87603ab3,Intel::FILE_HASH,ABUSE-CH,F,MALWARE
e99b769a7a1dfd49232dbc469e5ca714223c324b,Intel::FILE_HASH,ABUSE-CH,F,MALWARE
27b39e589a94d6b1db24d865bf87d49108372686,Intel::FILE_HASH,ABUSE-CH,F,MALWARE
ede6ae7cd6c205c50a30b7f785325b6e70f886fe,Intel::FILE_HASH,ABUSE-CH,F,MALWARE
a4622bf16883e4df193bd2fb70fcf79b6bc75f56,Intel::FILE_HASH,ABUSE-CH,F,MALWARE
4a48290e3de3bcc731bf8eb66d4654d5abcea7df,Intel::FILE_HASH,ABUSE-CH,F,MALWARE
0d06d41b5cb0267d66db8ab0f2380d34a5225376,Intel::FILE_HASH,ABUSE-CH,F,MALWARE
7388e787be421c9d55cf4788c63a756122b2693a,Intel::FILE_HASH,ABUSE-CH,F,MALWARE
2cdd7b603fd8ed1adf9c5f5b07c0ca7ec9278a14,Intel::FILE_HASH,ABUSE-CH,F,MALWARE
7754160e5077faeb6766850e572c5f9858e62c13,Intel::FILE_HASH,ABUSE-CH,F,MALWARE
ddaf857f7df6ec8f01a525a9e6a6267ae786ab89,Intel::FILE_HASH,ABUSE-CH,F,MALWARE
4518ccc8c15167664f202bba261e437da5f2c884,Intel::FILE_HASH,ABUSE-CH,F,MALWARE
250a30ba3299e98fe22c02c935e5cc1dae4e1f43,Intel::FILE_HASH,ABUSE-CH,F,MALWARE
4c92e0ecc2ecf3ad4759f59576ef761c753878b7,Intel::FILE_HASH,ABUSE-CH,F,MALWARE
1165ca23e4471663e5a7c10a630e0fe89f94f39e,Intel::FILE_HASH,ABUSE-CH,F,MALWARE
c13b86d6f8eeff80edec7968d9de5d76372fb738,Intel::FILE_HASH,ABUSE-CH,F,MALWARE
f07707d07bab2e0061f0fc2186b2fa8adec07ed7,Intel::FILE_HASH,ABUSE-CH,F,MALWARE
ba1d1139c4c6b970e4e058d11c8bd83dc65de27e,Intel::FILE_HASH,ABUSE-CH,F,MALWARE
e24a8763ff70408158cb112ba4fd467e6f329ad2,Intel::FILE_HASH,ABUSE-CH,F,MALWARE
1660de89917e13a81457fb252fc76764eee8fa58,Intel::FILE_HASH,ABUSE-CH,F,MALWARE
9d9dd1133670e221d896ad5a903d700b518de141,Intel::FILE_HASH,ABUSE-CH,F,MALWARE
6468ac015e3e7f53cd08585dcef16c9bd8813983,Intel::FILE_HASH,ABUSE-CH,F,MALWARE
08a5b7c5a91e1f416edf86bb90719201c2b428be,Intel::FILE_HASH,ABUSE-CH,F,MALWARE
e82899e4764ed4e14edc4ba0f134f8dd8d5ca290,Intel::FILE_HASH,ABUSE-CH,F,MALWARE
e4260848e6133106364280fa95dd16bd6022d1e5,Intel::FILE_HASH,ABUSE-CH,F,MALWARE
a76693c1dfd0ff63d2dd36b9c911b9c550f08657,Intel::FILE_HASH,ABUSE-CH,F,MALWARE
7efa386d8e3bbfc92cd3cf20246d7e54b34e995a,Intel::FILE_HASH,ABUSE-CH,F,MALWARE
f74faf8a817f50fd5e88ed4f09c17a19ed55ea22,Intel::FILE_HASH,ABUSE-CH,F,MALWARE
6ef1e9e7b8cc71e4e9144a659fed7bf81cdad4ea,Intel::FILE_HASH,ABUSE-CH,F,MALWARE
7bdabaee4e08cec137646c1bf43e98b3648ae391,Intel::FILE_HASH,ABUSE-CH,F,MALWARE
e395231ccea43fca0faa1264377cd30acb6a8f54,Intel::FILE_HASH,ABUSE-CH,F,MALWARE
92e7ef4253fc167121e6e910f03edcc8dbcc0f23,Intel::FILE_HASH,ABUSE-CH,F,MALWARE
c63f3c347f03c6770cae74b78814a99e5635b2a9,Intel::FILE_HASH,ABUSE-CH,F,MALWARE
b749862c31087762a818566a9c227da716324542,Intel::FILE_HASH,ABUSE-CH,F,MALWARE
8b95ed1784e5536ef14427559e57969f4feb3191,Intel::FILE_HASH,ABUSE-CH,F,MALWARE
c60d21105f5aaa5ebd38a812b7e5f3941c929f7e,Intel::FILE_HASH,ABUSE-CH,F,MALWARE
f8f68b962b59caf0f4bee250e95a918981b95f22,Intel::FILE_HASH,ABUSE-CH,F,MALWARE
bb8361195984e936e25cfb25cb4df54894352eb4,Intel::FILE_HASH,ABUSE-CH,F,MALWARE
b5d88c4555f2b6ae999962ab94311f1406a7e354,Intel::FILE_HASH,ABUSE-CH,F,MALWARE
7ba28c9b0cf6bbdf9291545742e65b7f2b3a46ff,Intel::FILE_HASH,ABUSE-CH,F,MALWARE
b5511327e550ada6adc95283cd2ea1e4cff62469,Intel::FILE_HASH,ABUSE-CH,F,MALWARE
bbbe05b1ffff9595cf46978538648707d59a0e33,Intel::FILE_HASH,ABUSE-CH,F,MALWARE
2f3dc8a582ebfc69b4d70188170deb47d644edeb,Intel::FILE_HASH,ABUSE-CH,F,MALWARE
92e7e1f5cb708c2e286b2ff6477374726898ac8e,Intel::FILE_HASH,ABUSE-CH,F,MALWARE
97925bff6816e826e3d2b3fe4c7bfd5b679a14ef,Intel::FILE_HASH,ABUSE-CH,F,MALWARE
c43282f448e693d5d5d7d9649a23b49ab979d332,Intel::FILE_HASH,ABUSE-CH,F,MALWARE
7d6c439682451a5f61ac4cfe7f2fd4ecb90ed9c4,Intel::FILE_HASH,ABUSE-CH,F,MALWARE
c77ab2bf118c91387d98d1dea7a8a552539bf72a,Intel::FILE_HASH,ABUSE-CH,F,MALWARE
39ea75bcb491e0fdbab18a9a6f487a49babc72d3,Intel::FILE_HASH,ABUSE-CH,F,MALWARE
c8905cffc8022087a47343197fe8153089cbd6d7,Intel::FILE_HASH,ABUSE-CH,F,MALWARE
6f9587e61ae0bdf4c973108c772afc953e3431be,Intel::FILE_HASH,ABUSE-CH,F,MALWARE
d39f9907face41af02593ad63754e2555eab3357,Intel::FILE_HASH,ABUSE-CH,F,MALWARE
91d7490ae33ae2eda220c67e665fc8299f818304,Intel::FILE_HASH,ABUSE-CH,F,MALWARE
27adcb8fc4c6685c35819569895a8afac75f1b1d,Intel::FILE_HASH,ABUSE-CH,F,MALWARE
fd483433f6ce153784be1869e6eaec2fef5cabac,Intel::FILE_HASH,ABUSE-CH,F,MALWARE
13aad4d139fa8641544060a0848ceca2f83c3b0e,Intel::FILE_HASH,ABUSE-CH,F,MALWARE
9da17e13578fd53894e3bbdd23945e2bbcecd672,Intel::FILE_HASH,ABUSE-CH,F,MALWARE
485d4091473db2feb34e2583f5fac85b3b19fb27,Intel::FILE_HASH,ABUSE-CH,F,MALWARE
c2ba5959b0f6b7264e621dd564291d5d48cc6735,Intel::FILE_HASH,ABUSE-CH,F,MALWARE
b853d6b43710daeaf4102dd5925217da7c9d6f31,Intel::FILE_HASH,ABUSE-CH,F,MALWARE
3ce5309060de6228ea232c1b3e020b570d013ba5,Intel::FILE_HASH,ABUSE-CH,F,MALWARE
5818fa3ad64cafd8fad05bf3e93d9f21ab60a3cc,Intel::FILE_HASH,ABUSE-CH,F,MALWARE
8aab7cf8930de6e7796cab2447bcd0211e9f9ef5,Intel::FILE_HASH,ABUSE-CH,F,MALWARE
b2312267c752e3b583cc2f763b0785a4bce7f1e1,Intel::FILE_HASH,ABUSE-CH,F,MALWARE
7d20a39ccf699d20e2db54aaf6d712ae05af6020,Intel::FILE_HASH,ABUSE-CH,F,MALWARE
befa441bac2752a495f179408705c2c3639e533e,Intel::FILE_HASH,ABUSE-CH,F,MALWARE
49b8f904994b452f3f1bf9936cc12696539dad1a,Intel::FILE_HASH,ABUSE-CH,F,MALWARE
9ae638cbddd99e36db6b17a430d44708be96605b,Intel::FILE_HASH,ABUSE-CH,F,MALWARE
5be27bef29e7fe8d58dc315549bf7cf6cba298be,Intel::FILE_HASH,ABUSE-CH,F,MALWARE
3d1b6800a060584dfb618769afff952acbbdcc3b,Intel::FILE_HASH,ABUSE-CH,F,MALWARE
2322896c9fa0d639654799f2e70f0137b8e30d90,Intel::FILE_HASH,ABUSE-CH,F,MALWARE
bcf11e9a1313217a6b4da9bb41e1380265343c23,Intel::FILE_HASH,ABUSE-CH,F,MALWARE
5cbfd6868d12d8995ff8751da253dffbd6446dec,Intel::FILE_HASH,ABUSE-CH,F,MALWARE
8c2e41380e39b966e1c9283ea7393bc66609402d,Intel::FILE_HASH,ABUSE-CH,F,MALWARE
234531cb7c65e51f9e1e26934e4581c996448212,Intel::FILE_HASH,ABUSE-CH,F,MALWARE
21dab68d0f1a36dfb4cc4e9b5eb8d0de6e77db79,Intel::FILE_HASH,ABUSE-CH,F,MALWARE
ee24de0f16a82862c97b767e872a407e0f3b2847,Intel::FILE_HASH,ABUSE-CH,F,MALWARE
513057be5f14a8af62c400c5ce78fa8243795391,Intel::FILE_HASH,ABUSE-CH,F,MALWARE
8f14cbc3a7df6960629ce47abcaf30dfd392eb99,Intel::FILE_HASH,ABUSE-CH,F,MALWARE
68552706b397449bc22f664da46deba56c04d57f,Intel::FILE_HASH,ABUSE-CH,F,MALWARE
78b6f30ec586a8c4a6d374bc21a00cd6a18b4725,Intel::FILE_HASH,ABUSE-CH,F,MALWARE
879470dd7425ff151e00c12d971163b81efb115a,Intel::FILE_HASH,ABUSE-CH,F,MALWARE
8918531987ff05662517d996ded06a72db6e3686,Intel::FILE_HASH,ABUSE-CH,F,MALWARE
9586210edce225d4a1df4c8eebfec400ef2a1659,Intel::FILE_HASH,ABUSE-CH,F,MALWARE
64e92d00a9d397b1dd0203e6b6d16c6fc321e26b,Intel::FILE_HASH,ABUSE-CH,F,MALWARE
cac245183f4dcf07048fe935b3fedf5bc455e89c,Intel::FILE_HASH,ABUSE-CH,F,MALWARE
de79bd43deb29e61d33a890a51c74b94a5a62501,Intel::FILE_HASH,ABUSE-CH,F,MALWARE
353b884eca39a90b35c9f6ed7b42a043fe957747,Intel::FILE_HASH,ABUSE-CH,F,MALWARE
cb415eca867540d8df5dbc553d1a0ee2f395825f,Intel::FILE_HASH,ABUSE-CH,F,MALWARE
a74940fc9ea02c56e2d0904b4680829b27691e34,Intel::FILE_HASH,ABUSE-CH,F,MALWARE
1faf58b596e042ac5f7d972de4283077c6822ba6,Intel::FILE_HASH,ABUSE-CH,F,MALWARE
8e284083423e8a6aae484a63084cbd38848b3df7,Intel::FILE_HASH,ABUSE-CH,F,MALWARE
5418b14b10ac1e3bb5cae345bd9f30a60907880c,Intel::FILE_HASH,ABUSE-CH,F,MALWARE
17d59e66430468fd3637ef1c58ee3a8473ab3208,Intel::FILE_HASH,ABUSE-CH,F,MALWARE
41f7874c4287aa3005749be207fd41e934f3e61c,Intel::FILE_HASH,ABUSE-CH,F,MALWARE
326652f91ec0928d674d7e78461328f82711ff09,Intel::FILE_HASH,ABUSE-CH,F,MALWARE
0cdc9d6c5c58fd264d138ab9cec71364d12f4fa9,Intel::FILE_HASH,ABUSE-CH,F,MALWARE
7fc9fee04531a7f1142809a5dc34d1b237c5c8b2,Intel::FILE_HASH,ABUSE-CH,F,MALWARE
11b1bcfaa8a3c4111642041e56cabac9a37fa237,Intel::FILE_HASH,ABUSE-CH,F,MALWARE
285003110f6868c0d184656be34707233e18f6b9,Intel::FILE_HASH,ABUSE-CH,F,MALWARE
435c42474359cb339520d0785432133ccad1be14,Intel::FILE_HASH,ABUSE-CH,F,MALWARE
52a640668deef2b32d8b98801252b01bc0e6957a,Intel::FILE_HASH,ABUSE-CH,F,MALWARE
ce31ac2c83c7cfccc6a70195f38f7f29454befac,Intel::FILE_HASH,ABUSE-CH,F,MALWARE
55d6ff88945b58510d7772cf66f358e541548c48,Intel::FILE_HASH,ABUSE-CH,F,MALWARE
5c3049b9cac71f18b035f286a75e8e39062a326f,Intel::FILE_HASH,ABUSE-CH,F,MALWARE
2e39e8015a282027b63033ff1713afaaed7a4bfd,Intel::FILE_HASH,ABUSE-CH,F,MALWARE
baed85089de8df9e9ff28499c413249b29dc39ce,Intel::FILE_HASH,ABUSE-CH,F,MALWARE
78a374e5069e0558bf8938822cfa60f9ee77f481,Intel::FILE_HASH,ABUSE-CH,F,MALWARE
ca93154e92cfb91c320f15f682f9de6b00317f4b,Intel::FILE_HASH,ABUSE-CH,F,MALWARE
6a4bb672a6b955ead1cc8f2bec8b00a2dfff1f7f,Intel::FILE_HASH,ABUSE-CH,F,MALWARE
0f8226c80c0d7e6cbdb5815022e0bbd6fb90e9a7,Intel::FILE_HASH,ABUSE-CH,F,MALWARE
1f757a2977155be9f5289148b421b758b9fe3140,Intel::FILE_HASH,ABUSE-CH,F,MALWARE
f99cb64e47127b4351618b16b593dd6e989f4f25,Intel::FILE_HASH,ABUSE-CH,F,MALWARE
eb6fb828665fec2e442b74b052e15b13518433db,Intel::FILE_HASH,ABUSE-CH,F,MALWARE
6d5e93b535461b910f3e2d48604ee4e632d43f64,Intel::FILE_HASH,ABUSE-CH,F,MALWARE
31322e19cb24cc87a9dc27b357812ad44ba63d1c,Intel::FILE_HASH,ABUSE-CH,F,MALWARE
7b83fe0023983a31f93f9d42a6b143355e921cb3,Intel::FILE_HASH,ABUSE-CH,F,MALWARE
f57b351aec499b5c1538d2353c70e945109d23c3,Intel::FILE_HASH,ABUSE-CH,F,MALWARE
3029a7535e6818a28e205e8fee29173f6b2a31cf,Intel::FILE_HASH,ABUSE-CH,F,MALWARE
fbe12d4b95c8a5f0482b35e5ea0ff9fe74e0109f,Intel::FILE_HASH,ABUSE-CH,F,MALWARE
8ba26e8fb21b1e190ec1361551a5cad141f689c9,Intel::FILE_HASH,ABUSE-CH,F,MALWARE
19d8fae28fbf70f6b0c297edc1b99fa1bd8c9416,Intel::FILE_HASH,ABUSE-CH,F,MALWARE
362925d11d03a4332dfdc59d2b9913ce533bad9f,Intel::FILE_HASH,ABUSE-CH,F,MALWARE
f37281c91b31c60fef09fc640f617cb9f07fdea5,Intel::FILE_HASH,ABUSE-CH,F,MALWARE
fbcd6ca7ad3a3e80439ec9fe58d07ce60398190a,Intel::FILE_HASH,ABUSE-CH,F,MALWARE
0e0063daa6e71a761d53e1ed674574b6633f5a3c,Intel::FILE_HASH,ABUSE-CH,F,MALWARE
45cc2674fe6302f2475bef40a0fc34687b2f7b4d,Intel::FILE_HASH,ABUSE-CH,F,MALWARE
86c747a168b39974b88d211b3520efdfb2f0e23a,Intel::FILE_HASH,ABUSE-CH,F,MALWARE
9e50bf176606a0f53240ddcb0cfa0cef80750575,Intel::FILE_HASH,ABUSE-CH,F,MALWARE
ab6d05615902b56893b7efe3b53b39e739faf9cf,Intel::FILE_HASH,ABUSE-CH,F,MALWARE
7b571da5df4ca8ebf4597a836613d58064914353,Intel::FILE_HASH,ABUSE-CH,F,MALWARE
33442ba7a1a9a03645f9f74fbc56174b109c4ee5,Intel::FILE_HASH,ABUSE-CH,F,MALWARE
00d48537a87f653b1e014f62db913ba12fae9d23,Intel::FILE_HASH,ABUSE-CH,F,MALWARE
e2d07bad9d768264cfb0cbf16cb7bb4bb5969d7d,Intel::FILE_HASH,ABUSE-CH,F,MALWARE
fd87c7f9ccc7fa74518716a7c7c6bdb6e0fa69a1,Intel::FILE_HASH,ABUSE-CH,F,MALWARE
b49b992a667b33e6de727294afa4bcd3eb58966d,Intel::FILE_HASH,ABUSE-CH,F,MALWARE
4ff30e4847cc3f6aa3f3295a1e19f84cf67b2445,Intel::FILE_HASH,ABUSE-CH,F,MALWARE
76f329521a77c5f2e2f67ba332c80f3836c563b4,Intel::FILE_HASH,ABUSE-CH,F,MALWARE
b1c8a5b2ff76441b7b97b2b692c61d3e483da463,Intel::FILE_HASH,ABUSE-CH,F,MALWARE
eb356a11ad87eb5f5662304c780eaa74af9aa0bd,Intel::FILE_HASH,ABUSE-CH,F,MALWARE
252cd0303878642fd16bd6d4e40bd56f9e41d78c,Intel::FILE_HASH,ABUSE-CH,F,MALWARE
089e9c67f50450b6e7e3d020e974e474990011d4,Intel::FILE_HASH,ABUSE-CH,F,MALWARE
962793a998728764922cb46cb888c228dee9b162,Intel::FILE_HASH,ABUSE-CH,F,MALWARE
845a74495e4febbb96d8157bea58c45639d45204,Intel::FILE_HASH,ABUSE-CH,F,MALWARE
177a77d31fd4680928a237454a416b95907c980e,Intel::FILE_HASH,ABUSE-CH,F,MALWARE
82f179741f3bc37df92bf2cf745091dd607cd6b2,Intel::FILE_HASH,ABUSE-CH,F,MALWARE
02172dbc32dce6bbaa5a2193d430e34ebe19453f,Intel::FILE_HASH,ABUSE-CH,F,MALWARE
645c7f63bc934a23ab9eb5fec0a56a77caf2b89e,Intel::FILE_HASH,ABUSE-CH,F,MALWARE
692a97884cda0432f12112317dab0362d6a4c38e,Intel::FILE_HASH,ABUSE-CH,F,MALWARE
577c728bac9b778e3e0a88349c2a3ae63157ba88,Intel::FILE_HASH,ABUSE-CH,F,MALWARE
adec50290dc2e57272bf3dc12b008a132ada4fcd,Intel::FILE_HASH,ABUSE-CH,F,MALWARE
d9c78f56069ca7a59bf8df237936406af315b1a9,Intel::FILE_HASH,ABUSE-CH,F,MALWARE
2ce8cdec9e71f84fedbcefad63747fb4f79ee358,Intel::FILE_HASH,ABUSE-CH,F,MALWARE
549a3cda02a6578951405508de418295eecc7b0d,Intel::FILE_HASH,ABUSE-CH,F,MALWARE
252c18891cff7eba2d3d3ce8c97569de439cddc8,Intel::FILE_HASH,ABUSE-CH,F,MALWARE
6e061c02b74313d90dd9354363ba0e3d73854dd8,Intel::FILE_HASH,ABUSE-CH,F,MALWARE
75bcbd1d3b7becd462b552e27f5fb1277302d665,Intel::FILE_HASH,ABUSE-CH,F,MALWARE
c9e16651d3029fe107a7d816db1aa6aa3010c981,Intel::FILE_HASH,ABUSE-CH,F,MALWARE
c7346a5b5c9368c88c2bef3c0e5daf50cc166a7a,Intel::FILE_HASH,ABUSE-CH,F,MALWARE
ea88df51f101bc869042f22b66a466577430850a,Intel::FILE_HASH,ABUSE-CH,F,MALWARE
a1f394e89b6afa1368d8eaefb2ccf4dfb650ceed,Intel::FILE_HASH,ABUSE-CH,F,MALWARE
71a800f1f5db3ba7a8372daebb8a449f9e89eadb,Intel::FILE_HASH,ABUSE-CH,F,MALWARE
98f3eea33d8156a91510b359cad6e15d012fd128,Intel::FILE_HASH,ABUSE-CH,F,MALWARE
283146253769b40060b186af98ecb60acc87b141,Intel::FILE_HASH,ABUSE-CH,F,MALWARE
464e3d25acf9b67ade06605601a6578da9d8c250,Intel::FILE_HASH,ABUSE-CH,F,MALWARE
f290949ac9db848a1ace69517927391c67acba43,Intel::FILE_HASH,ABUSE-CH,F,MALWARE
a28aac0709eae15edb765bafd4410c77e79be7e7,Intel::FILE_HASH,ABUSE-CH,F,MALWARE
0285a51ffb97b18bdababe3ab706696ded3fd2fe,Intel::FILE_HASH,ABUSE-CH,F,MALWARE
ca07ca65cced721fb40381ccbe99911fa53e3004,Intel::FILE_HASH,ABUSE-CH,F,MALWARE
a5f9ab3ef7a293440d572782c1753f60e28ed8ca,Intel::FILE_HASH,ABUSE-CH,F,MALWARE
e409ed68d1f31ce5189c931438cb3695c0cf4b7c,Intel::FILE_HASH,ABUSE-CH,F,MALWARE
4b6abb6f1b9b39d5fd5850e3312506f7dd253cbc,Intel::FILE_HASH,ABUSE-CH,F,MALWARE
8ed537d92dd12ad15e1dbd664bda422aeb24edfa,Intel::FILE_HASH,ABUSE-CH,F,MALWARE
ec2bb1d436a9f0deac7a42531af5839c9c5a24ec,Intel::FILE_HASH,ABUSE-CH,F,MALWARE
3ea6fbc26c77695702bd79599285c53e3e44441d,Intel::FILE_HASH,ABUSE-CH,F,MALWARE
75bd1481c9996981151c181580a8e84ce62b7541,Intel::FILE_HASH,ABUSE-CH,F,MALWARE
6382e59ce1f55efde3f3619a188eaf3745249ce9,Intel::FILE_HASH,ABUSE-CH,F,MALWARE
d9a5fbff8275823997998605d74fd783d5a5c132,Intel::FILE_HASH,ABUSE-CH,F,MALWARE
745661f9a82ae50b40aeaa6e3f3eb427e2f8b76a,Intel::FILE_HASH,ABUSE-CH,F,MALWARE
bbf1e7212e4fd52de01f931ffdb2367970ac0afb,Intel::FILE_HASH,ABUSE-CH,F,MALWARE
ed7ca7fddc960fa6d68078d9d8f0965d6d51439d,Intel::FILE_HASH,ABUSE-CH,F,MALWARE
492277f0866102c7e2e57e5565f818b26b5de70e,Intel::FILE_HASH,ABUSE-CH,F,MALWARE
baebe3862696e4847ad892a3a57ff44b81e7e2aa,Intel::FILE_HASH,ABUSE-CH,F,MALWARE
df365e5f4bbb22286bb4478972daa748272a80a0,Intel::FILE_HASH,ABUSE-CH,F,MALWARE
1a563830a31ced92d6c64cd5e95131da9f40cbb4,Intel::FILE_HASH,ABUSE-CH,F,MALWARE
7537da67628f85b2b7a2160830aea515b230fa6f,Intel::FILE_HASH,ABUSE-CH,F,MALWARE
c97087a22ba7b71bf574295b411a29fcd999a03a,Intel::FILE_HASH,ABUSE-CH,F,MALWARE
a5a919909e9f45c6d593922f83b6344c4ff8b7de,Intel::FILE_HASH,ABUSE-CH,F,MALWARE
7e37a194adc41402e58f3579224bc13c72ecd6db,Intel::FILE_HASH,ABUSE-CH,F,MALWARE
f7bfd90e97a1274ff809fb6c3a1bb9f83b7aed12,Intel::FILE_HASH,ABUSE-CH,F,MALWARE
eb737705bd072986dfd3ffbd2bc1187ca9705b37,Intel::FILE_HASH,ABUSE-CH,F,MALWARE
ed1cdf5a863a7d3bdea8c7afc6876d430a66176a,Intel::FILE_HASH,ABUSE-CH,F,MALWARE
84cbc7d5945334b3a59c527ce94c00753cf9453a,Intel::FILE_HASH,ABUSE-CH,F,MALWARE
9a195a6701b1ac726c78306add3701e047b17205,Intel::FILE_HASH,ABUSE-CH,F,MALWARE
3836e871584be949c7f8bd07b5eca8bffe97bdd2,Intel::FILE_HASH,ABUSE-CH,F,MALWARE
ec31da4024d100898aecf3308d40696c055dd237,Intel::FILE_HASH,ABUSE-CH,F,MALWARE
6b97bf764e3c924ac217209a49a41b8297ccb79d,Intel::FILE_HASH,ABUSE-CH,F,MALWARE
b0bcaafa2144d3c16edb4bfdda00002f24c9e6b2,Intel::FILE_HASH,ABUSE-CH,F,MALWARE
936f8bac3b75e2898d06526d37dc9e68dc62f2bb,Intel::FILE_HASH,ABUSE-CH,F,MALWARE
c9e7fb28a237dc890ddf125a80c5f61fc92d2783,Intel::FILE_HASH,ABUSE-CH,F,MALWARE
faa789c72351e372eec74ee024d61414124361b7,Intel::FILE_HASH,ABUSE-CH,F,MALWARE
97dd94b8b74804d710d76d62f3e8837be24280e0,Intel::FILE_HASH,ABUSE-CH,F,MALWARE
9b8bfbb4cb8bd2ba0e9b0c16957bf54936ee254a,Intel::FILE_HASH,ABUSE-CH,F,MALWARE
c02f137367ef3c0246204d0a07414e8a52272065,Intel::FILE_HASH,ABUSE-CH,F,MALWARE
9f8ca8e0183874708a2082ac028f86e5a084b84e,Intel::FILE_HASH,ABUSE-CH,F,MALWARE
8a34ab30c6c4cc2c0e58c5765a78816628c81ce9,Intel::FILE_HASH,ABUSE-CH,F,MALWARE
5edca41a51bbacf2a5bf048f82e65c919eafba56,Intel::FILE_HASH,ABUSE-CH,F,MALWARE
223aad80dd9f46afb925182639d33ac43928ebaf,Intel::FILE_HASH,ABUSE-CH,F,MALWARE
99bb423901e51d8e4a36a45d6a798a232eab7838,Intel::FILE_HASH,ABUSE-CH,F,MALWARE
9d86e201c18c09c36a208c4f1a35ed98a66760c5,Intel::FILE_HASH,ABUSE-CH,F,MALWARE
ac38d4936c5bdf74c2ecdd3d6da8adc35db12b6b,Intel::FILE_HASH,ABUSE-CH,F,MALWARE
27f9857ee08246eacb56c194989071ec5213c704,Intel::FILE_HASH,ABUSE-CH,F,MALWARE
e34584001e81b6d185beac42b2b48726d8790207,Intel::FILE_HASH,ABUSE-CH,F,MALWARE
93381ddfd28c8ee0f38fd3a363999b38a589b790,Intel::FILE_HASH,ABUSE-CH,F,MALWARE
b93bbfdfea4f556420b999c242b09e2ec83b494a,Intel::FILE_HASH,ABUSE-CH,F,MALWARE
efe58ef1e0e9dc744a701b51a70199b156dfbd12,Intel::FILE_HASH,ABUSE-CH,F,MALWARE
cce6d8b57236e0ea6f3dc047f28b63e666f07ca6,Intel::FILE_HASH,ABUSE-CH,F,MALWARE
b7229367139c5e40080f3e71a687b82c7fbdabe8,Intel::FILE_HASH,ABUSE-CH,F,MALWARE
914b3d26eda8d3de8c302f2479973ad87e7f6760,Intel::FILE_HASH,ABUSE-CH,F,MALWARE
e9b0f1c855686f04ed6ce216a246d9e5af2d9642,Intel::FILE_HASH,ABUSE-CH,F,MALWARE
40d9de85f33decc66b4b9df6cbfea867c82887fc,Intel::FILE_HASH,ABUSE-CH,F,MALWARE
06449f2bda9c2cc2c24cad58c09ae2a4a7094ca0,Intel::FILE_HASH,ABUSE-CH,F,MALWARE
021ed91215b705aa2151e073ef78dbd6c2d6c04a,Intel::FILE_HASH,ABUSE-CH,F,MALWARE
b61cf8e65e87dc9b3aeb4087d26696a107230f8e,Intel::FILE_HASH,ABUSE-CH,F,MALWARE
0ce231dba3b1911ca64b31ca8bce79fd1dc4c1b1,Intel::FILE_HASH,ABUSE-CH,F,MALWARE
fb3d80ffe54aeca1e6c44a3987416b3b87627179,Intel::FILE_HASH,ABUSE-CH,F,MALWARE
c12f2993e618a1ae1b9964876facc196221371fb,Intel::FILE_HASH,ABUSE-CH,F,MALWARE
98b80727f0babd8acfef0b3ba8c882d29dd6d4df,Intel::FILE_HASH,ABUSE-CH,F,MALWARE
692993f8b0f241eed8cf2636bc7b1ed17c2de3d1,Intel::FILE_HASH,ABUSE-CH,F,MALWARE
b5b57d4c1e5960687f2dd5f5dcd5c8039c90bbe6,Intel::FILE_HASH,ABUSE-CH,F,MALWARE
ba47f0247bd6c9ed15f24aa8b23abcbc5d8c6f06,Intel::FILE_HASH,ABUSE-CH,F,MALWARE
6db44b1c145e570f446118d63afd66055190a3a8,Intel::FILE_HASH,ABUSE-CH,F,MALWARE
4c2da29463731ead232871e15e781ffd5f710a9c,Intel::FILE_HASH,ABUSE-CH,F,MALWARE
c9ac15d711deeb63b01f8c49738bbdd7d70f4011,Intel::FILE_HASH,ABUSE-CH,F,MALWARE
3b773ede23c77347e7ea0c24dce8adb966082a89,Intel::FILE_HASH,ABUSE-CH,F,MALWARE
c57e06f49f785ae408d42e4b2fb139c0e7c0b4f1,Intel::FILE_HASH,ABUSE-CH,F,MALWARE
ee749699843b1de9b2e711540cf16ebb9104ba26,Intel::FILE_HASH,ABUSE-CH,F,MALWARE
166e44b9008405f89ac2031f62ee5e65e8b3d611,Intel::FILE_HASH,ABUSE-CH,F,MALWARE
c3e2dbb3515bf9e9c2202c9b489df627b512abd1,Intel::FILE_HASH,ABUSE-CH,F,MALWARE
cb8e1f5df3bc9f7a3211698ccfd69b38956f0eb2,Intel::FILE_HASH,ABUSE-CH,F,MALWARE
88290cc37b0d09fe406dc6c55e3d6397066e2b99,Intel::FILE_HASH,ABUSE-CH,F,MALWARE
d25c56f391d1a390ea7b3b33d569676252c59852,Intel::FILE_HASH,ABUSE-CH,F,MALWARE
c0633997b9f28fbfee5a5d7aa0ebbbe6620d9b0d,Intel::FILE_HASH,ABUSE-CH,F,MALWARE
453f7fe1bee981cf41006f07e8b5ad6e736ad22a,Intel::FILE_HASH,ABUSE-CH,F,MALWARE
3102f42f7ea5346f0dd9e05ba35dcb4260b1c524,Intel::FILE_HASH,ABUSE-CH,F,MALWARE
0555b030cc6625fa3a3840dde59150f337af4d82,Intel::FILE_HASH,ABUSE-CH,F,MALWARE
2bf70a77e73578f09f44d7a0c5701ef048170408,Intel::FILE_HASH,ABUSE-CH,F,MALWARE
a172f30ac9a5d0ddba29218b6f6171454a31a166,Intel::FILE_HASH,ABUSE-CH,F,MALWARE
fe3a3b8c3d3e56ac8c7dd0a51e3eda5711bf4415,Intel::FILE_HASH,ABUSE-CH,F,MALWARE
fe81c9d838854fa3ec23f010b4c1c74c808fd199,Intel::FILE_HASH,ABUSE-CH,F,MALWARE
683d206615bc50df8923310ecd500d15ce002ec5,Intel::FILE_HASH,ABUSE-CH,F,MALWARE
46d668eabe4274437643acbf0535ddf6ffd43a6d,Intel::FILE_HASH,ABUSE-CH,F,MALWARE
e99c5339ab851962a09acd833bbc5138a04d75f6,Intel::FILE_HASH,ABUSE-CH,F,MALWARE
486098d78773574d0b60566991304aab175d3aaa,Intel::FILE_HASH,ABUSE-CH,F,MALWARE
95d047527125fc03a0a6147415671d6689b884aa,Intel::FILE_HASH,ABUSE-CH,F,MALWARE
e52de16302130b89ea1e51892b9107b875c59169,Intel::FILE_HASH,ABUSE-CH,F,MALWARE
d560a3f7c5cc9ae8073e9e326fa8f85fbb60555e,Intel::FILE_HASH,ABUSE-CH,F,MALWARE
f5a24b79ce6654e125a712eb6084c5245e6dd8e9,Intel::FILE_HASH,ABUSE-CH,F,MALWARE
4339591ef72328dbbbaacb8119ece8d18a708cb0,Intel::FILE_HASH,ABUSE-CH,F,MALWARE
fd21771360238bd0e8850400c232eab1f3c35475,Intel::FILE_HASH,ABUSE-CH,F,MALWARE
94932c0d201345ceb252ca61d81df0dec1187ae7,Intel::FILE_HASH,ABUSE-CH,F,MALWARE
575188273fc0030ebb146b7ac8e1c9d40e4656c8,Intel::FILE_HASH,ABUSE-CH,F,MALWARE
fec23a611159c06ff8ad5df619497ab71a756cf6,Intel::FILE_HASH,ABUSE-CH,F,MALWARE
43563fe1d748cac51e21738045f579747eb22d93,Intel::FILE_HASH,ABUSE-CH,F,MALWARE
8ccfe59dfee26f101164bb91a139acfdbd54ff47,Intel::FILE_HASH,ABUSE-CH,F,MALWARE
925bd1946991f834571b089c463b2ace0306c9d8,Intel::FILE_HASH,ABUSE-CH,F,MALWARE
25741d77150d950bde43a0424ebd59f659aaf9fa,Intel::FILE_HASH,ABUSE-CH,F,MALWARE
7ac1f357f35b350994d83ff83008d75c4b6f16af,Intel::FILE_HASH,ABUSE-CH,F,MALWARE
0cd8542cd41d178747559b3b0b056e456f1d1fdb,Intel::FILE_HASH,ABUSE-CH,F,MALWARE
191958630ec8522c0f29a824e81f2d939611ff0f,Intel::FILE_HASH,ABUSE-CH,F,MALWARE
6c3b7823087376206785d4d0a00465831b6d2894,Intel::FILE_HASH,ABUSE-CH,F,MALWARE
22e8454bee44e98d9be147e9f397bc1a554342f5,Intel::FILE_HASH,ABUSE-CH,F,MALWARE
c41da0cd9d017f4ff38bdfbd19e8f7ac6d9e2a0b,Intel::FILE_HASH,ABUSE-CH,F,MALWARE
3a3d3f293e52d151062c51b62fd39e543c9e6a85,Intel::FILE_HASH,ABUSE-CH,F,MALWARE
2f5245c3857f5eb9477571c971e2d8ec365cf4ed,Intel::FILE_HASH,ABUSE-CH,F,MALWARE
b899a4973c99eac9189e5cd7e209ea789183ba24,Intel::FILE_HASH,ABUSE-CH,F,MALWARE
d61c2cbd1c96fefc370ccda8e0e818d56ab0e9f1,Intel::FILE_HASH,ABUSE-CH,F,MALWARE
d95e0e95aaa5bd035ad7cd1b24b5de03cb9d735d,Intel::FILE_HASH,ABUSE-CH,F,MALWARE
469464b0c4c77e5d204c5510ff87eea9cdde1e4b,Intel::FILE_HASH,ABUSE-CH,F,MALWARE
32c8fad6904ff4fc95e64b1a82e56f8f13aad770,Intel::FILE_HASH,ABUSE-CH,F,MALWARE
c4748eac0048e91b1a95f94b5f4fd835a5200f90,Intel::FILE_HASH,ABUSE-CH,F,MALWARE
0935ee0928ed100fb28fcfaa3f7dee6f4403e93b,Intel::FILE_HASH,ABUSE-CH,F,MALWARE
75b2c0de956c99ba5df53567faab45d878a5ee3b,Intel::FILE_HASH,ABUSE-CH,F,MALWARE
83979e73d7e00548bdf4fba960fdcce5bacbf146,Intel::FILE_HASH,ABUSE-CH,F,MALWARE
95f00f95c96284adab1d7852e67fdcbb6445bba3,Intel::FILE_HASH,ABUSE-CH,F,MALWARE
eaea1966505cca62e2f950acb02abe79aba35cf2,Intel::FILE_HASH,ABUSE-CH,F,MALWARE
b6d1264bc8df859f931f78369c3552bcb6dbc256,Intel::FILE_HASH,ABUSE-CH,F,MALWARE
9b61bf2fa69ea708678739ac35dd665c6ad146b4,Intel::FILE_HASH,ABUSE-CH,F,MALWARE
95e291766bde87901fe6e253f71c84bd9c8af4a8,Intel::FILE_HASH,ABUSE-CH,F,MALWARE
a11d24b6b07aeadc4ed293358f541b448c24f884,Intel::FILE_HASH,ABUSE-CH,F,MALWARE
00b0292f6e85a6e31efb3c223626dbff9d42612b,Intel::FILE_HASH,ABUSE-CH,F,MALWARE
ff77c50195d619514562aee94de25a4a9323d0c7,Intel::FILE_HASH,ABUSE-CH,F,MALWARE
aa323314cb7224410bb1b68fbdb9d327a5c8e558,Intel::FILE_HASH,ABUSE-CH,F,MALWARE
29d5a93ebd81bbcbf84f442be87d875062a6ab4a,Intel::FILE_HASH,ABUSE-CH,F,MALWARE
83cf27b425d8b826968f7ce51eda4c9096b082ca,Intel::FILE_HASH,ABUSE-CH,F,MALWARE
4064c69afa49c8bbb822b6e07999678d7b985f93,Intel::FILE_HASH,ABUSE-CH,F,MALWARE
9d33aedff877aff887020cdfe756ee1fb3407b13,Intel::FILE_HASH,ABUSE-CH,F,MALWARE
fd7ab4a722faeec3e948910b70fb8e1c1db00647,Intel::FILE_HASH,ABUSE-CH,F,MALWARE
bbcc5ca472940d57ef0438c553dfeddd0035d771,Intel::FILE_HASH,ABUSE-CH,F,MALWARE
8ddc91dd3c92113e654815c91c9accde8170dde1,Intel::FILE_HASH,ABUSE-CH,F,MALWARE
bb2ca764d73257c4c78277e7b99cd27eff4c9904,Intel::FILE_HASH,ABUSE-CH,F,MALWARE
6ae9a5e0de8424cf88133470314dce66fa71c7b4,Intel::FILE_HASH,ABUSE-CH,F,MALWARE
f8488b88ecbe9d0dbe6263dda369a9325c194467,Intel::FILE_HASH,ABUSE-CH,F,MALWARE
288671a4f0294228030d12bc8d7b2add26d24a37,Intel::FILE_HASH,ABUSE-CH,F,MALWARE
b2ed0f05bd388e35f48601b37a4586b7bf1d6cd2,Intel::FILE_HASH,ABUSE-CH,F,MALWARE
162779abe15588612cdde42f43ff1aa0d2a9ec76,Intel::FILE_HASH,ABUSE-CH,F,MALWARE
40433f49ac6459c4340ca78265ba19fa79ac36ac,Intel::FILE_HASH,ABUSE-CH,F,MALWARE
27533b6aac87634109ef854a5845e06e0457c638,Intel::FILE_HASH,ABUSE-CH,F,MALWARE
562a96528bdd01f258e950c224c769fd35d9cc6a,Intel::FILE_HASH,ABUSE-CH,F,MALWARE
cdf0e14307dd75227818d10b85b5e1e49d728927,Intel::FILE_HASH,ABUSE-CH,F,MALWARE
dfc7f2487d066922a85e4b012a1c534642fdc38a,Intel::FILE_HASH,ABUSE-CH,F,MALWARE
6891702d02bce283e3c3f5b03db2729d0bb766d5,Intel::FILE_HASH,ABUSE-CH,F,MALWARE
8d45ab659fc6b3322fc5bfeb81a3c284d9832c6a,Intel::FILE_HASH,ABUSE-CH,F,MALWARE
89c2b472b96c8825d1498f67ab362c4af118a288,Intel::FILE_HASH,ABUSE-CH,F,MALWARE
3e7bada984a340e2030d394f0b06395f9be7a50a,Intel::FILE_HASH,ABUSE-CH,F,MALWARE
5b20b6366a6a1a810cf6333f11921d948ce412c6,Intel::FILE_HASH,ABUSE-CH,F,MALWARE
d70250eaf001392087652da5419220049921ca8f,Intel::FILE_HASH,ABUSE-CH,F,MALWARE
37761b03f69f2c7fac6106b631fa8fa14e223caf,Intel::FILE_HASH,ABUSE-CH,F,MALWARE
2a979a7f14984aa8f8406d2a2a8f5047714c27a2,Intel::FILE_HASH,ABUSE-CH,F,MALWARE
a92b9d617727fc83ee6ab41b9c3ed41c9cd96a70,Intel::FILE_HASH,ABUSE-CH,F,MALWARE
630cf044364aa0d39199959e75480e6ef9aec135,Intel::FILE_HASH,ABUSE-CH,F,MALWARE
bc8e0130bb64c631e67f1389f8f465b517563b3c,Intel::FILE_HASH,ABUSE-CH,F,MALWARE
655050330b8c21b5b05e12aac6629c3f2cd6a2e5,Intel::FILE_HASH,ABUSE-CH,F,MALWARE
3e6fdba7ee8b7b427b71d5d6ce59e31b8c5f667f,Intel::FILE_HASH,ABUSE-CH,F,MALWARE
442514f40187c6d7747835b6ec9c0c74a20b9cf1,Intel::FILE_HASH,ABUSE-CH,F,MALWARE
9f5e3c901a1a115b346445bd5253bf4a15ccb9df,Intel::FILE_HASH,ABUSE-CH,F,MALWARE
5557e7b834b1de8c08343dc9ad0abb9e424d46a5,Intel::FILE_HASH,ABUSE-CH,F,MALWARE
4dcc43df029bca0226f19eeae8cf9ec898cd020c,Intel::FILE_HASH,ABUSE-CH,F,MALWARE
1e8f59db389024021c027a268a5acbfbf4e8d5c9,Intel::FILE_HASH,ABUSE-CH,F,MALWARE
762ab8b810fa3926e39b69b07c6591ef5cde4e42,Intel::FILE_HASH,ABUSE-CH,F,MALWARE
dc90b63dae7a6af1a609d73a74cc063197ae9624,Intel::FILE_HASH,ABUSE-CH,F,MALWARE
83ac9fac8e9768d05bc4a7168645432485b7503b,Intel::FILE_HASH,ABUSE-CH,F,MALWARE
f6020d9e84d86de568b9b6c0968ae71893bca5f6,Intel::FILE_HASH,ABUSE-CH,F,MALWARE
5817c0c1ef025bf58d06ba55b636ac95d1973920,Intel::FILE_HASH,ABUSE-CH,F,MALWARE
b729096f41548f821e7efc79080856f5de5202b3,Intel::FILE_HASH,ABUSE-CH,F,MALWARE
6ee24b5bacb23f24776c4ca396a0f5d9e4af21c3,Intel::FILE_HASH,ABUSE-CH,F,MALWARE
54987b664393982de1bab8eaef165d068a3f70d1,Intel::FILE_HASH,ABUSE-CH,F,MALWARE
b7f1acaac28b68d9420d5a72717d13234137c694,Intel::FILE_HASH,ABUSE-CH,F,MALWARE
7c3d9da900abcf910bb048153b0590b0956164f9,Intel::FILE_HASH,ABUSE-CH,F,MALWARE
d54189833ff600e735f4b6cd5cf2a2167b25d0ac,Intel::FILE_HASH,ABUSE-CH,F,MALWARE
2844572bce7e4ebb4903e370867592794365c043,Intel::FILE_HASH,ABUSE-CH,F,MALWARE
7d2a46280f2703d699eaa0a5f70f8f0439d9cd04,Intel::FILE_HASH,ABUSE-CH,F,MALWARE
1165df194fd60c2bc8d9ef8c5d7272b49ec35c41,Intel::FILE_HASH,ABUSE-CH,F,MALWARE
7e487dc2e36389369b5e6b331222ce19bf5d5a32,Intel::FILE_HASH,ABUSE-CH,F,MALWARE
dfd4fec1817677604e63093c142a5e3b27b3377d,Intel::FILE_HASH,ABUSE-CH,F,MALWARE
5cd6bd8ac4ae1a2a3462127886c97c1c4b082643,Intel::FILE_HASH,ABUSE-CH,F,MALWARE
673333b80d2517a47e95279c2239ec3e51ab848d,Intel::FILE_HASH,ABUSE-CH,F,MALWARE
595842c639d05359d1d0a4a54bb9c1ce8a4c812b,Intel::FILE_HASH,ABUSE-CH,F,MALWARE
05d65ba37b6557bc8a6a3d606b3d87184c8cc53e,Intel::FILE_HASH,ABUSE-CH,F,MALWARE
c572b6cac05c27973194f8a1a2fb9a576dce0ce2,Intel::FILE_HASH,ABUSE-CH,F,MALWARE
fbcde536b732c436d3bf26f5772f95d188cbfa80,Intel::FILE_HASH,ABUSE-CH,F,MALWARE
0c86e0e41a6c45ce7d25e52c4582d06ed2edf60f,Intel::FILE_HASH,ABUSE-CH,F,MALWARE
bdb4a03b05e98db3ecdf51bde92a489fd30e4d2f,Intel::FILE_HASH,ABUSE-CH,F,MALWARE
81862b32dfac3db4cf61d0603daa2fa949bc88ca,Intel::FILE_HASH,ABUSE-CH,F,MALWARE
4f722a0b47ac5a15017452fac82e5092c2d24fa4,Intel::FILE_HASH,ABUSE-CH,F,MALWARE
5ec38cad7129e843efc29e5bf4aebc04c8c9bd64,Intel::FILE_HASH,ABUSE-CH,F,MALWARE
4e681c52c304ac68ecb8be4564f11a7d62fd8406,Intel::FILE_HASH,ABUSE-CH,F,MALWARE
4cec455049fad7ffedc47d39528e02d8fe8278b4,Intel::FILE_HASH,ABUSE-CH,F,MALWARE
228095f2a37ca56faa5c114459ec98f274f27256,Intel::FILE_HASH,ABUSE-CH,F,MALWARE
532d7cbae1a5e1bc0a7550c907c0c94fad5e8d53,Intel::FILE_HASH,ABUSE-CH,F,MALWARE
3e177fa0b1fffbc3a96c582154fd9ae1d2c661f0,Intel::FILE_HASH,ABUSE-CH,F,MALWARE
106dff5f4db608464d34bfd8d083dd0971f8e20e,Intel::FILE_HASH,ABUSE-CH,F,MALWARE
26092ad43f87401cc6f411de11bf481d7e965ff5,Intel::FILE_HASH,ABUSE-CH,F,MALWARE
3576eff61fdc49ea3917911d1e6ab26d8d904f9c,Intel::FILE_HASH,ABUSE-CH,F,MALWARE
7fc67e4ac93af344613a7895423aa115da325c78,Intel::FILE_HASH,ABUSE-CH,F,MALWARE
8914026cd12adef55532ab2ec9ef352bcdbe32c7,Intel::FILE_HASH,ABUSE-CH,F,MALWARE
51e9690bc5f4611393621883818b1f29bb135ce0,Intel::FILE_HASH,ABUSE-CH,F,MALWARE
0475c25383dd0b470ba487decdebbbb43be14abf,Intel::FILE_HASH,ABUSE-CH,F,MALWARE
20790c35100e7c8c3df08885e7606f9a5d0a4227,Intel::FILE_HASH,ABUSE-CH,F,MALWARE
648dc1d55009a1d5c8798c147136f80567ab8f60,Intel::FILE_HASH,ABUSE-CH,F,MALWARE
d18099c82d4f0b50a0029f5c8ad39a99a5858836,Intel::FILE_HASH,ABUSE-CH,F,MALWARE
b40d0fab5e206d4609433a1909676a0e08cd734d,Intel::FILE_HASH,ABUSE-CH,F,MALWARE
a08e5cd13abd85b3587b94bb8140c2daa2ae6992,Intel::FILE_HASH,ABUSE-CH,F,MALWARE
9684c96ba416c2250a8c2a835c9c8c90257c097e,Intel::FILE_HASH,ABUSE-CH,F,MALWARE
7914fc7f5b1d341b9e0e48eec381e8a234cb58ca,Intel::FILE_HASH,ABUSE-CH,F,MALWARE
580ece933e9f609007b1c8605ef245f5627dc4f3,Intel::FILE_HASH,ABUSE-CH,F,MALWARE
e1e8555a0518ba4bc0cea2c8e89c046a11059867,Intel::FILE_HASH,ABUSE-CH,F,MALWARE
aec88243b97b3af94cd180fc60f1a4b00cabfc2f,Intel::FILE_HASH,ABUSE-CH,F,MALWARE
d8062d408bbb0eaa12524cdd6db14f8082a91423,Intel::FILE_HASH,ABUSE-CH,F,MALWARE
5fa96f5951086f95035a648dc6b71aee741627a5,Intel::FILE_HASH,ABUSE-CH,F,MALWARE
4ba10e9acc18d2dd1d5acc72a681278c10145898,Intel::FILE_HASH,ABUSE-CH,F,MALWARE
392c6e2ba07f6022ebfaa7e76cd85ea8611bfef6,Intel::FILE_HASH,ABUSE-CH,F,MALWARE
cadd35ca36594b1c79d4f304a1aab3c79dce1be8,Intel::FILE_HASH,ABUSE-CH,F,MALWARE
3d06269a25cffeeca2e03a6f79efd46c8ea87eb3,Intel::FILE_HASH,ABUSE-CH,F,MALWARE
94da465830e54d15d24cb49bbf22e613ab24de8f,Intel::FILE_HASH,ABUSE-CH,F,MALWARE
19106d58fbcfe0312b798f70189921c15900b4be,Intel::FILE_HASH,ABUSE-CH,F,MALWARE
9db6fe16417a22f28e876ede86f0a0b2d539454e,Intel::FILE_HASH,ABUSE-CH,F,MALWARE
43843564f63d4236e7baeeaa492f97213a895700,Intel::FILE_HASH,ABUSE-CH,F,MALWARE
61b0519c9078aa200f132d173d671adbf2aef240,Intel::FILE_HASH,ABUSE-CH,F,MALWARE
69e6841530865c5383a7d07e7d6266c645ca9201,Intel::FILE_HASH,ABUSE-CH,F,MALWARE
1ad4112bb0e5d7d39e3073794da42d9c7f7bc56f,Intel::FILE_HASH,ABUSE-CH,F,MALWARE
de9e2bc7e66e885cab3a1ebbf598dc37dd9f19bd,Intel::FILE_HASH,ABUSE-CH,F,MALWARE
5c17f050182824d1b67a72f73344aa8f84692dea,Intel::FILE_HASH,ABUSE-CH,F,MALWARE
a76e88db37e2fca93286c394c284787851fee075,Intel::FILE_HASH,ABUSE-CH,F,MALWARE
1160e00d78425ef20824a90ad23d7a302ef25f1c,Intel::FILE_HASH,ABUSE-CH,F,MALWARE
9ac2246b94edadca35c06e894a45e2e7663b584d,Intel::FILE_HASH,ABUSE-CH,F,MALWARE
b977c03dfeb8735001f86d83c0953b7dac93870d,Intel::FILE_HASH,ABUSE-CH,F,MALWARE
0c16a93a6bc9724874ba393348553e83e0c4283a,Intel::FILE_HASH,ABUSE-CH,F,MALWARE
e3ac2faf81954ad27facfe3397b17155a3f73e7d,Intel::FILE_HASH,ABUSE-CH,F,MALWARE
21b6f7eb8284c58ecb347a33eef44487d3dd3eaa,Intel::FILE_HASH,ABUSE-CH,F,MALWARE
b012b8e6468627028a688cadd652220b39080d6f,Intel::FILE_HASH,ABUSE-CH,F,MALWARE
65039240d0bd54db6a698c45bcf78c0fea35bbfe,Intel::FILE_HASH,ABUSE-CH,F,MALWARE
b579d60b009e914bfb00d26f3a6d799a1b21600c,Intel::FILE_HASH,ABUSE-CH,F,MALWARE
ed520cdc859946a93421205d6dbba61451649b20,Intel::FILE_HASH,ABUSE-CH,F,MALWARE
e0a2ef40755872a7b366d8d83193cac1be3b16d0,Intel::FILE_HASH,ABUSE-CH,F,MALWARE
f68dfa25fac674191434e67224b642ee38ea8b14,Intel::FILE_HASH,ABUSE-CH,F,MALWARE
403f78ec4c263491f1e2365029514716dbf9427b,Intel::FILE_HASH,ABUSE-CH,F,MALWARE
8d56d7b694c18cd72c890412b3f9bed7c4d80741,Intel::FILE_HASH,ABUSE-CH,F,MALWARE
d8ab503f181dbe8933c5fef2274836d4075f9a0d,Intel::FILE_HASH,ABUSE-CH,F,MALWARE
82ae1faca5ec62469c560a7c9d27cb2667f62f69,Intel::FILE_HASH,ABUSE-CH,F,MALWARE
91b88046d3d0c8bbc8aa0854b25faadb39451b11,Intel::FILE_HASH,ABUSE-CH,F,MALWARE
6ef119e809dbc1779984664d8786917bf88e7f3c,Intel::FILE_HASH,ABUSE-CH,F,MALWARE
17b9d41ae3e3b93d8d9db0b9867a70ca2e1088c8,Intel::FILE_HASH,ABUSE-CH,F,MALWARE
3467d457902da9168060d7fb53e0e0e956f924e8,Intel::FILE_HASH,ABUSE-CH,F,MALWARE
501947b6a176712c87b2352709ca9a1b00da88a8,Intel::FILE_HASH,ABUSE-CH,F,MALWARE
5883b460906fb8be030bb96872a288cc8d14c688,Intel::FILE_HASH,ABUSE-CH,F,MALWARE
8cfc74fe840a847df9b555f4e925db93ead6b6aa,Intel::FILE_HASH,ABUSE-CH,F,MALWARE
55227f643868ddfdda614e469c326c0088237748,Intel::FILE_HASH,ABUSE-CH,F,MALWARE
56628e7bc693c5e331a8e9a8b92cda10c8af0bbb,Intel::FILE_HASH,ABUSE-CH,F,MALWARE
1ae323780368bdd8779076fff184a9180ee0df7b,Intel::FILE_HASH,ABUSE-CH,F,MALWARE
e4c2ac1a60b8079da005dda025304749ebaf7217,Intel::FILE_HASH,ABUSE-CH,F,MALWARE
b28c172af68d27766953f57e903d288389b4a8ef,Intel::FILE_HASH,ABUSE-CH,F,MALWARE
a29b05ea16d483d08a9d4bfe1195bf0eb90c4188,Intel::FILE_HASH,ABUSE-CH,F,MALWARE
96699f4904f9f305b68ee6840446e71a42a87da3,Intel::FILE_HASH,ABUSE-CH,F,MALWARE
8c262389973004356fda04dd69f61c74e7100432,Intel::FILE_HASH,ABUSE-CH,F,MALWARE
bf39759e6ac52ba7c5132d9878e10f1665930ea2,Intel::FILE_HASH,ABUSE-CH,F,MALWARE
0e71a6a89a403c8156fde63c341546711e5b0976,Intel::FILE_HASH,ABUSE-CH,F,MALWARE
44c48d7549908a520c3d744f1da29994b6bea51e,Intel::FILE_HASH,ABUSE-CH,F,MALWARE
dbb7a05c7d2ec1c17a2464dbbc0f1287f8038dc4,Intel::FILE_HASH,ABUSE-CH,F,MALWARE
1454dfb07f7ac1dbee838db6a17eb8980e84bf07,Intel::FILE_HASH,ABUSE-CH,F,MALWARE
58bf80ed34585fb7e0ad90185b151f9255ccad16,Intel::FILE_HASH,ABUSE-CH,F,MALWARE
ed912e6c7a5434ddc5183beb4b346adff2f29a52,Intel::FILE_HASH,ABUSE-CH,F,MALWARE
3c8837bcb81a29e1e43556381977ec2f84f0ccd1,Intel::FILE_HASH,ABUSE-CH,F,MALWARE
98b0f6cd253a5abdfe2beeb0f078ed54b592f484,Intel::FILE_HASH,ABUSE-CH,F,MALWARE
09cd1f06e7f51e0bdcdd76c37ecd5e75ae0d54bc,Intel::FILE_HASH,ABUSE-CH,F,MALWARE
42d4a6b0f68eb6803edf9808a0f11a217c4f6ca0,Intel::FILE_HASH,ABUSE-CH,F,MALWARE
dcf3f63c1913b178444d996083dda57f0a829184,Intel::FILE_HASH,ABUSE-CH,F,MALWARE
c2fe9141c57e30ddd29844b554418b1516da523c,Intel::FILE_HASH,ABUSE-CH,F,MALWARE
5e90a57a6e09727a9e16977c2f64bee61ee84ac4,Intel::FILE_HASH,ABUSE-CH,F,MALWARE
4ccb1d56a9e5fb860e132a0ce2202e5886be6403,Intel::FILE_HASH,ABUSE-CH,F,MALWARE
55ceac9e52feaa40baa25940de373559eccd0bdf,Intel::FILE_HASH,ABUSE-CH,F,MALWARE
065861aedce35268798732512aabc39a9f789711,Intel::FILE_HASH,ABUSE-CH,F,MALWARE
618d794deda810dc7098af62d567eda1407fc59e,Intel::FILE_HASH,ABUSE-CH,F,MALWARE
cbd13f64db34bd9e9366fccbc07a31abbd99e889,Intel::FILE_HASH,ABUSE-CH,F,MALWARE
0bd9067a84b5e35ca625a3c95609ba926296efb0,Intel::FILE_HASH,ABUSE-CH,F,MALWARE
32204497396c75c1e591d5e6d8d2e67555f1cf6e,Intel::FILE_HASH,ABUSE-CH,F,MALWARE
f05c10828f91b2e49291bb89c553e860ea1551fe,Intel::FILE_HASH,ABUSE-CH,F,MALWARE
ac58959801bff5c878bb17e69964307bf596d2b6,Intel::FILE_HASH,ABUSE-CH,F,MALWARE
762ef0befd75851042d140bfb7243c3aef18c190,Intel::FILE_HASH,ABUSE-CH,F,MALWARE
e31e0ead769444fad2677e76268012bb08bbfde8,Intel::FILE_HASH,ABUSE-CH,F,MALWARE
fc84962a56a67d3f2366230a240a2cba43b98c8f,Intel::FILE_HASH,ABUSE-CH,F,MALWARE
4a0d217e80f209c6aabd69e8f0bdea6e38b5ed66,Intel::FILE_HASH,ABUSE-CH,F,MALWARE
8b6a1d687da0eb7519cbb5e2d4dcf0019d404b17,Intel::FILE_HASH,ABUSE-CH,F,MALWARE
31d043132cd458efb1312f6741b875cc5376d3d4,Intel::FILE_HASH,ABUSE-CH,F,MALWARE
8349fa8b8d9c7181913a8c30424d11fc013bb2df,Intel::FILE_HASH,ABUSE-CH,F,MALWARE
7a75aa31108b7fc491b7d7de13517dc5c894a13a,Intel::FILE_HASH,ABUSE-CH,F,MALWARE
a147ed6b60a1cc25769f63bc3cc99e48d6ac1181,Intel::FILE_HASH,ABUSE-CH,F,MALWARE
1fc3e0038769821b4c2ce8f56b41445cd005ac3e,Intel::FILE_HASH,ABUSE-CH,F,MALWARE
f52235796a256d2c56088d4b35b2f0196acacf0a,Intel::FILE_HASH,ABUSE-CH,F,MALWARE
a49a1b624152c5aa066f9713eeaa583a8735aefc,Intel::FILE_HASH,ABUSE-CH,F,MALWARE
489bdf785028ff249f67604d126c5d029e0db472,Intel::FILE_HASH,ABUSE-CH,F,MALWARE
7990271ba7d1ba649f6ab411e65ce981c4a46c2a,Intel::FILE_HASH,ABUSE-CH,F,MALWARE
88f8eeefa2c5510464c062f983b41674a68cc28e,Intel::FILE_HASH,ABUSE-CH,F,MALWARE
954c40e08f0a56229d4d12cb67bae55aab43c926,Intel::FILE_HASH,ABUSE-CH,F,MALWARE
acd8e82318cd974801df038fd6246ef5527b9e78,Intel::FILE_HASH,ABUSE-CH,F,MALWARE
32304df03f427ba7675efd314bf7f9f3d4e8113b,Intel::FILE_HASH,ABUSE-CH,F,MALWARE
50b1b8e4cc82de37de4389fb6e3f8663b7c88562,Intel::FILE_HASH,ABUSE-CH,F,MALWARE
3d889b4805613dae5f1ea97dd4d2a9fc3cc2e7c0,Intel::FILE_HASH,ABUSE-CH,F,MALWARE
98b1b256ed200ba7f5322b6e1f100e941e3473fb,Intel::FILE_HASH,ABUSE-CH,F,MALWARE
46a2ef5eec740bc4d99eeeae2b25b615ebef0c54,Intel::FILE_HASH,ABUSE-CH,F,MALWARE
0689cfee80a122a753f694f8959c76265329c175,Intel::FILE_HASH,ABUSE-CH,F,MALWARE
b00e9e6545c96cd89c42e8d66f006e12460dcf81,Intel::FILE_HASH,ABUSE-CH,F,MALWARE
7f92c229ef7e8bba3f75b54b8932085861d589f7,Intel::FILE_HASH,ABUSE-CH,F,MALWARE
cc8387b7b56a11baa29dfb0382ff042853084c61,Intel::FILE_HASH,ABUSE-CH,F,MALWARE
2ae1c23f0d3dd48ef75a9365534d50600b42ee20,Intel::FILE_HASH,ABUSE-CH,F,MALWARE
51c21eaf5a77949bf855a89e4edf57c983e4f44d,Intel::FILE_HASH,ABUSE-CH,F,MALWARE
6697a2b95178b651f2e39cf4ba9141eb82cc8b58,Intel::FILE_HASH,ABUSE-CH,F,MALWARE
680898473b34cc17545260a87652402b1041cc6c,Intel::FILE_HASH,ABUSE-CH,F,MALWARE
610874af104ca2f80d2b4ef1e64ef1c6e84e9248,Intel::FILE_HASH,ABUSE-CH,F,MALWARE
0de4ab234ef55c5ccc27d08feab35a1ee215cdb0,Intel::FILE_HASH,ABUSE-CH,F,MALWARE
0b419531cf863a7912cdf6320dc50e04b826077e,Intel::FILE_HASH,ABUSE-CH,F,MALWARE
a3d5790c71f9730aa32d67608bd842bd73cfd52e,Intel::FILE_HASH,ABUSE-CH,F,MALWARE
c4144896f760d44c246babe84a6bc03a9d5422b1,Intel::FILE_HASH,ABUSE-CH,F,MALWARE
dffa0fbe31894edee9fa9aaa14b5340363f0e748,Intel::FILE_HASH,ABUSE-CH,F,MALWARE
4c775957b9f7810b99fdc5adb971c8ad18d5334c,Intel::FILE_HASH,ABUSE-CH,F,MALWARE
7a228610a539de18de12ad8fcc7547cc7f8d2bd8,Intel::FILE_HASH,ABUSE-CH,F,MALWARE
940b18d1001cfb3c91f3760a78ddeba5d72d1707,Intel::FILE_HASH,ABUSE-CH,F,MALWARE
29b178602ff00573a8a5e33ce1a809e371d07da3,Intel::FILE_HASH,ABUSE-CH,F,MALWARE
093b78fcf7ea134a0ac8b8a0d2769108d062af82,Intel::FILE_HASH,ABUSE-CH,F,MALWARE
357c90a05a1e18c73886da8cdc24395dc7e9f5b8,Intel::FILE_HASH,ABUSE-CH,F,MALWARE
b6e18b8849aa687e5908fdcd201363343ecbe5f2,Intel::FILE_HASH,ABUSE-CH,F,MALWARE
01d1a76ead445b2cd6e4cb1eaea4e772efacc08e,Intel::FILE_HASH,ABUSE-CH,F,MALWARE
4972cdc09e483de54ec4bee18d8f27e3e0983b57,Intel::FILE_HASH,ABUSE-CH,F,MALWARE
040b948b40cf289730349580206bf76bf2410c21,Intel::FILE_HASH,ABUSE-CH,F,MALWARE
05dad69d979b444b745a016819dd38e5fe7923f4,Intel::FILE_HASH,ABUSE-CH,F,MALWARE
4d33b3a66096f81f7c6eb70e304bea226ed3f7a5,Intel::FILE_HASH,ABUSE-CH,F,MALWARE
6ac1451bbe231136b6c6d385294076be1c81b636,Intel::FILE_HASH,ABUSE-CH,F,MALWARE
266cf0f6842a5e2766c21480019416a5a208b5c1,Intel::FILE_HASH,ABUSE-CH,F,MALWARE
99eb36ce4a453e2f86ef39fbce17a7f824142585,Intel::FILE_HASH,ABUSE-CH,F,MALWARE
f1f034f931fb62a51b87dcf54b834c3e6512b4d5,Intel::FILE_HASH,ABUSE-CH,F,MALWARE
c41a19dbb3d9e72acd244c5ba111f2dd26224aaa,Intel::FILE_HASH,ABUSE-CH,F,MALWARE
03aaff6b6efaf2eaf864dc792e07a6c0689d48df,Intel::FILE_HASH,ABUSE-CH,F,MALWARE
20f2463ebbd3f25cac9fa6578019c6d99343e32b,Intel::FILE_HASH,ABUSE-CH,F,MALWARE
323791b08324cc8b202f48a04e63b10228db1790,Intel::FILE_HASH,ABUSE-CH,F,MALWARE
04bed2238eae74960e56efa3c9130e0c4ede0664,Intel::FILE_HASH,ABUSE-CH,F,MALWARE
6ab76dc028d401e92f71dd8e77e3fcd05ab4a884,Intel::FILE_HASH,ABUSE-CH,F,MALWARE
b417fda606c72cfa2af966bc8bd30cde53547345,Intel::FILE_HASH,ABUSE-CH,F,MALWARE
0ffa07dddd2f8b93d217323f8d059d447779e437,Intel::FILE_HASH,ABUSE-CH,F,MALWARE
6725dfc528c32d080e12d04e8f3e542eda39e645,Intel::FILE_HASH,ABUSE-CH,F,MALWARE
d71f138714700a896ef2f1739a0d2478ba8c31f0,Intel::FILE_HASH,ABUSE-CH,F,MALWARE
faf3b9149cbeb9c6cd3c5e6f236b0b99a4c32ed7,Intel::FILE_HASH,ABUSE-CH,F,MALWARE
e370d4ff8060fe9adf159e871e903122c994fdee,Intel::FILE_HASH,ABUSE-CH,F,MALWARE
8d9b8553a2abd050070aa5eba589dc8e57fee8f0,Intel::FILE_HASH,ABUSE-CH,F,MALWARE
8be6214eb428d4102274b933fa0c7553585cab37,Intel::FILE_HASH,ABUSE-CH,F,MALWARE
0663a22ec4b705bba23f34d330912705444fd4ca,Intel::FILE_HASH,ABUSE-CH,F,MALWARE
27bc11149f8bbe5254b85ebed02605c1a76f3f78,Intel::FILE_HASH,ABUSE-CH,F,MALWARE
4b0b9805c9a21be2fab26a1f8b93d5f6afec7dcd,Intel::FILE_HASH,ABUSE-CH,F,MALWARE
b2da4c81f1a91ea39b994693507d3eb735dbd7e7,Intel::FILE_HASH,ABUSE-CH,F,MALWARE
50dc124deaf84e2f6971c63dde56476efeb0e66d,Intel::FILE_HASH,ABUSE-CH,F,MALWARE
d90b6e8738b1ce4f3ebac7536917f9d67a5bb44d,Intel::FILE_HASH,ABUSE-CH,F,MALWARE
4b7fe1297aa8c28437de29002ce24578e8191543,Intel::FILE_HASH,ABUSE-CH,F,MALWARE
a047f26068eca94a880607630641c8e80197bf35,Intel::FILE_HASH,ABUSE-CH,F,MALWARE
db39680858c673f1aba487255eaa6872983cddf5,Intel::FILE_HASH,ABUSE-CH,F,MALWARE
64331092841a6f5ca0cd849586f1ddd2a2a791f7,Intel::FILE_HASH,ABUSE-CH,F,MALWARE
0684752b8ebd9afb616cc267ba83616408aa561e,Intel::FILE_HASH,ABUSE-CH,F,MALWARE
736672e06fa3ac33aba5ef52abe077b8b0c6db7b,Intel::FILE_HASH,ABUSE-CH,F,MALWARE
f8b630e1e21733c2359130ef2375045c29282c72,Intel::FILE_HASH,ABUSE-CH,F,MALWARE
0c1c900ad7309cba7c98a99d10a655c7a70d549b,Intel::FILE_HASH,ABUSE-CH,F,MALWARE
9b98bccc1bf93ce91f43ec1f533e1a5d64039860,Intel::FILE_HASH,ABUSE-CH,F,MALWARE
77929bf2a221890e0b9202174e50220dad7036b7,Intel::FILE_HASH,ABUSE-CH,F,MALWARE
00bc9e38e7595cea5e93fdaf15cf57e14481323c,Intel::FILE_HASH,ABUSE-CH,F,MALWARE
400bdea7f85f11537081d121a8bf341bbd3c047a,Intel::FILE_HASH,ABUSE-CH,F,MALWARE
8f8c6e6b6cb6e74e10a834bdb8aba1d33459085c,Intel::FILE_HASH,ABUSE-CH,F,MALWARE
52e471946bfd53c06a351fd15ed38231522f95f5,Intel::FILE_HASH,ABUSE-CH,F,MALWARE
30aee5dec33ca2abcfccba0e1c5438bc4b9b1c31,Intel::FILE_HASH,ABUSE-CH,F,MALWARE
d92aaad673258e1a2984206e4338d7bd733ebffe,Intel::FILE_HASH,ABUSE-CH,F,MALWARE
1b4e53e04a5ffe5c6b0c15d84a020547060a0dd1,Intel::FILE_HASH,ABUSE-CH,F,MALWARE
7a014c44c78a87b7d8bf5f10754265e988c26660,Intel::FILE_HASH,ABUSE-CH,F,MALWARE
ba6e269a3c1047de1ce19e05f68b716fd92cc159,Intel::FILE_HASH,ABUSE-CH,F,MALWARE
ea302c5c560a04f66e67d146d7e33839b37aa92c,Intel::FILE_HASH,ABUSE-CH,F,MALWARE
a88d0d0dfad219499469370f2580cba65ac96bc0,Intel::FILE_HASH,ABUSE-CH,F,MALWARE
227930d47362956038d29d2a9892be16a4dd4942,Intel::FILE_HASH,ABUSE-CH,F,MALWARE
85bd8952eaa841f6a64966154967c9bb73338be6,Intel::FILE_HASH,ABUSE-CH,F,MALWARE
6b0300433a25f859cbde0f5c52c746ce7e0b9521,Intel::FILE_HASH,ABUSE-CH,F,MALWARE
74ce58828fd11ad08abdf3a02d2d3e27dae02763,Intel::FILE_HASH,ABUSE-CH,F,MALWARE
3debc2361f0204d0c9d15d6bb745510813eb71c1,Intel::FILE_HASH,ABUSE-CH,F,MALWARE
65ed2132d410929e44a244d575ca96fa230993a7,Intel::FILE_HASH,ABUSE-CH,F,MALWARE
5c1e122cfc48cfe64460d42d9b7800f750c61474,Intel::FILE_HASH,ABUSE-CH,F,MALWARE
a329bd2564e6d570581bfcfe10bd3e07d8b7ee84,Intel::FILE_HASH,ABUSE-CH,F,MALWARE
6ac6615663610fd70a85b3527d1f7926221651ef,Intel::FILE_HASH,ABUSE-CH,F,MALWARE
3e9a4a53a5d515ab385aaf07cbda96f28b2c66a9,Intel::FILE_HASH,ABUSE-CH,F,MALWARE
fcc30893cbd7c4e15c7cd8a2297fa42cfc77ae81,Intel::FILE_HASH,ABUSE-CH,F,MALWARE
8a57a5d4c3f152eb14a928966f38a91ef8660172,Intel::FILE_HASH,ABUSE-CH,F,MALWARE
e52d09385ed4289d5219e16a4d7edb03413a3072,Intel::FILE_HASH,ABUSE-CH,F,MALWARE
1e8ab76d9c9d9e9eabcf39e950c3f7cf07e2823a,Intel::FILE_HASH,ABUSE-CH,F,MALWARE
33774dba56befe24877bbc4e124634a81a81e36f,Intel::FILE_HASH,ABUSE-CH,F,MALWARE
15d29ddde632bd07362bff5c944185fd9dfd39fe,Intel::FILE_HASH,ABUSE-CH,F,MALWARE
ee886e210a4aaf4511f0a089e7b8db22f3338c39,Intel::FILE_HASH,ABUSE-CH,F,MALWARE
450354be220d98c60471c780deca02fe740744b3,Intel::FILE_HASH,ABUSE-CH,F,MALWARE
1d96d6e811dcdaa65fd9506a7f944d0cbddc1db1,Intel::FILE_HASH,ABUSE-CH,F,MALWARE
b9d8cfa0fcc701a5947d9d6982e9ce40d6fac0bc,Intel::FILE_HASH,ABUSE-CH,F,MALWARE
bf30f23f04b70d7cbda9fe3c45769ea343931ef6,Intel::FILE_HASH,ABUSE-CH,F,MALWARE
399f03007f5aed4318feef1ddeff2ea9e15c4e3c,Intel::FILE_HASH,ABUSE-CH,F,MALWARE
2a0f40180719023e443d4fc22e00a5cd902b77f5,Intel::FILE_HASH,ABUSE-CH,F,MALWARE
dd5d5e9e6ef06427a8ccc766de90e70a91930e4c,Intel::FILE_HASH,ABUSE-CH,F,MALWARE
df3b80d7c248c3b4763fefc10ea4b8ff9fdf27ae,Intel::FILE_HASH,ABUSE-CH,F,MALWARE
cde2e7d38b3bcac079e406babbbed1ccfcf7208f,Intel::FILE_HASH,ABUSE-CH,F,MALWARE
e552f6962ce8e8028e7f79c63c17b16f53ab8fa4,Intel::FILE_HASH,ABUSE-CH,F,MALWARE
cd20f4bb7f882e8b3f6db6e07535ff165699f3bd,Intel::FILE_HASH,ABUSE-CH,F,MALWARE
2045e59ce58c8285e0e703f1c7586018aa743611,Intel::FILE_HASH,ABUSE-CH,F,MALWARE
45cd518aa6af553b2cb52aebcbbb6b371611f19c,Intel::FILE_HASH,ABUSE-CH,F,MALWARE
67cddbe5b7bf70c71e05f80b5bdc70a23dca0ab5,Intel::FILE_HASH,ABUSE-CH,F,MALWARE
f06168fe8808567e1c3a2986bcf355160268024d,Intel::FILE_HASH,ABUSE-CH,F,MALWARE
e3d1c714f937d8971d3d1f9b2f1e777c83875f84,Intel::FILE_HASH,ABUSE-CH,F,MALWARE
51433761d35d623e4088f615914dafd159463176,Intel::FILE_HASH,ABUSE-CH,F,MALWARE
1623b00517101bcc7fe7c47a806fe266cfc8f693,Intel::FILE_HASH,ABUSE-CH,F,MALWARE
60abc4a993d7cd4e24a0afa2674f7bb4df1e32e4,Intel::FILE_HASH,ABUSE-CH,F,MALWARE
65ff72b5820357350e94441d5a73cb9f2bd16717,Intel::FILE_HASH,ABUSE-CH,F,MALWARE
89ebfc04bd98b6cfdfac88571d11f2c68f207e6f,Intel::FILE_HASH,ABUSE-CH,F,MALWARE
9741604ab59dfd979c36d3a79703d972ccaf9652,Intel::FILE_HASH,ABUSE-CH,F,MALWARE
65f8c7da88429f8f20e4c6947cd515fd024367d5,Intel::FILE_HASH,ABUSE-CH,F,MALWARE
68344db668c6b28b534d87ac04626c1debcc2c30,Intel::FILE_HASH,ABUSE-CH,F,MALWARE
cef51dbc00853c41c800baddc5bd198d9f0c20f2,Intel::FILE_HASH,ABUSE-CH,F,MALWARE
33d79e22b40b1bcff0a9fa47cd55baa0225b2c69,Intel::FILE_HASH,ABUSE-CH,F,MALWARE
968372b352a67432626f42a47f5a5e89f4ab8e82,Intel::FILE_HASH,ABUSE-CH,F,MALWARE
9e1aeddf29a7c1a975dad8409d80b889a41ad059,Intel::FILE_HASH,ABUSE-CH,F,MALWARE
c3ba973a4a60769484465a837b4d9139b9aa1e78,Intel::FILE_HASH,ABUSE-CH,F,MALWARE
1fe7892d0d592b2594c57b82a8975d1f5eeb7e6b,Intel::FILE_HASH,ABUSE-CH,F,MALWARE
b10583f7e7672d198028c4b446ef2e0a8baf2c5f,Intel::FILE_HASH,ABUSE-CH,F,MALWARE
46c692b2a14532237e1b7baaa61a3e3d55e36dd3,Intel::FILE_HASH,ABUSE-CH,F,MALWARE
0555f8c3d65a5910c1b428e89e24fd9d269640bd,Intel::FILE_HASH,ABUSE-CH,F,MALWARE
a5a6b8d4351e30a8b1a81753975286bc197a8691,Intel::FILE_HASH,ABUSE-CH,F,MALWARE
f294032e89d85535ac1f5a26cb0a2dd469ff7c21,Intel::FILE_HASH,ABUSE-CH,F,MALWARE
55da8137ae9761b8cdffbdf598aadb4dbe495331,Intel::FILE_HASH,ABUSE-CH,F,MALWARE
2b1b334173b0327d350ea6e6870323b14bf064bb,Intel::FILE_HASH,ABUSE-CH,F,MALWARE
561df585f58b19dde22d91be331783dbdf007549,Intel::FILE_HASH,ABUSE-CH,F,MALWARE
07c4feeb8b495eeffba7814125ab95c3272816f7,Intel::FILE_HASH,ABUSE-CH,F,MALWARE
12f1c014acb957bfbd3909d4c4e0bfff6bf9ee55,Intel::FILE_HASH,ABUSE-CH,F,MALWARE
d15a12199acda3b8cecaed8e3f082eabe5df3481,Intel::FILE_HASH,ABUSE-CH,F,MALWARE
f2eebf27fef60d615290fb49f39ef2f511f42d3f,Intel::FILE_HASH,ABUSE-CH,F,MALWARE
a96ea512ae4ef320be587f0c9ef534dc6af0d58e,Intel::FILE_HASH,ABUSE-CH,F,MALWARE
fb286ee6e6fcfb6618ac2f8e675100da457e03e9,Intel::FILE_HASH,ABUSE-CH,F,MALWARE
fe61ae2316e2add7ac270e4f5404bc1371d22f8c,Intel::FILE_HASH,ABUSE-CH,F,MALWARE
50a5b85336102661cbae7d1f91eff5c3940ff3d3,Intel::FILE_HASH,ABUSE-CH,F,MALWARE
3503c9af8fa80df84fb7c793d7afa020ea20790f,Intel::FILE_HASH,ABUSE-CH,F,MALWARE
a11244ff9e6aa19da9b4aca7dd308fed0f1a880d,Intel::FILE_HASH,ABUSE-CH,F,MALWARE
314872070c11598222015aa2e9700de7c767793d,Intel::FILE_HASH,ABUSE-CH,F,MALWARE
8210665c65a108838b17fe6259f7e1a760cc70c3,Intel::FILE_HASH,ABUSE-CH,F,MALWARE
9413e180ce290b64371692c8c50c166dcb139f7d,Intel::FILE_HASH,ABUSE-CH,F,MALWARE
73fbe1e66f0c4b29e4673920b154b8f863560713,Intel::FILE_HASH,ABUSE-CH,F,MALWARE
9642cc0027221b1c7ba1b9b3a39f66fabec670d3,Intel::FILE_HASH,ABUSE-CH,F,MALWARE
a8830bb425a309d578ac5f295d679bf002fc844e,Intel::FILE_HASH,ABUSE-CH,F,MALWARE
5e73c34c36bf0f25c22b45b8299c1be9c87d5523,Intel::FILE_HASH,ABUSE-CH,F,MALWARE
93102027ccde544f5cda15969f3aea28fa3aff71,Intel::FILE_HASH,ABUSE-CH,F,MALWARE
5dbb0bab48b31e4e9911d1e70f727049ff81129f,Intel::FILE_HASH,ABUSE-CH,F,MALWARE
817ef84468dbf2e042dd62fac9d6c1eb2734bc4b,Intel::FILE_HASH,ABUSE-CH,F,MALWARE
2fd434edd4bea9ad91801c4f50550125d8eb12fa,Intel::FILE_HASH,ABUSE-CH,F,MALWARE
58d0501f33a9eaaef0daafea1707df9d84177a58,Intel::FILE_HASH,ABUSE-CH,F,MALWARE
e74b86256f59bae2a6607d5179fdcbb7a57f46a2,Intel::FILE_HASH,ABUSE-CH,F,MALWARE
e079f292ee9edb8b0f1be4a576f1a1012479bb22,Intel::FILE_HASH,ABUSE-CH,F,MALWARE
a5ede533d41d8cafe36189a4ae85d56a0b408c09,Intel::FILE_HASH,ABUSE-CH,F,MALWARE
da808f876105cafd99d73a42de4e14ef45cfc203,Intel::FILE_HASH,ABUSE-CH,F,MALWARE
cf36ff2b720de669f384d3c1bb03beb0d71a205d,Intel::FILE_HASH,ABUSE-CH,F,MALWARE
58f2f383a7107890c24eec4c6f734d203b68989c,Intel::FILE_HASH,ABUSE-CH,F,MALWARE
fa1cbbffe72871d0c31575509cfdad60376857a7,Intel::FILE_HASH,ABUSE-CH,F,MALWARE
4f4be3755ba61516e0efa84a263493e66ba94987,Intel::FILE_HASH,ABUSE-CH,F,MALWARE
30e1b29bd758c8295b90fbeb979716ebdfb986cf,Intel::FILE_HASH,ABUSE-CH,F,MALWARE
c04a7a70a299fb1a1d05350bf12c30d220422710,Intel::FILE_HASH,ABUSE-CH,F,MALWARE
9d33497c47e6aca2553a432429865c63f84644d2,Intel::FILE_HASH,ABUSE-CH,F,MALWARE
e892f6f466c2d0f34406ebcb6b14c75a761c5f79,Intel::FILE_HASH,ABUSE-CH,F,MALWARE
465db224b6927c522b0a3c66411d04bde5eb2a2c,Intel::FILE_HASH,ABUSE-CH,F,MALWARE
e36cd2e2bf5ae60da4805e9c7bc661adecfc5a08,Intel::FILE_HASH,ABUSE-CH,F,MALWARE
6b786b91a256466431682cca9e1324276f3953a9,Intel::FILE_HASH,ABUSE-CH,F,MALWARE
7181be0738bfec571d55ad0c1df43ec3ba1accd2,Intel::FILE_HASH,ABUSE-CH,F,MALWARE
5cab38cb69418268b7a6a211d24d3f975e294822,Intel::FILE_HASH,ABUSE-CH,F,MALWARE
f078aa075d12497c4070b2468c668ddbd1c0a567,Intel::FILE_HASH,ABUSE-CH,F,MALWARE
fd33659ab3a59812f49c434c37e56a856a98af36,Intel::FILE_HASH,ABUSE-CH,F,MALWARE
2358538cae6841fb47139c2ab1b287a0fb837a3e,Intel::FILE_HASH,ABUSE-CH,F,MALWARE
575ffb4fff897be96ecd2febec7eca7495b918a2,Intel::FILE_HASH,ABUSE-CH,F,MALWARE
cbc1bad5b84f82b0bf3b233cc02421033256b204,Intel::FILE_HASH,ABUSE-CH,F,MALWARE
adaf9a0cb95be1726727732e79fba2b15d386c03,Intel::FILE_HASH,ABUSE-CH,F,MALWARE
5e0d7bd9e356924f4578b147142331c88fef32ee,Intel::FILE_HASH,ABUSE-CH,F,MALWARE
c63acad39c00a0cfcb189e2f927bf17539ceabbb,Intel::FILE_HASH,ABUSE-CH,F,MALWARE
0008035850df2b3808d1674e0ddd280ee5fbb980,Intel::FILE_HASH,ABUSE-CH,F,MALWARE
8df947bc316beaa2147abbcd25f797c16319c010,Intel::FILE_HASH,ABUSE-CH,F,MALWARE
0f9a253afc55a8ebbd29a70c43d0e3cd668920f4,Intel::FILE_HASH,ABUSE-CH,F,MALWARE
ddad703f3dd2bcd0a17e0b2b97e87949b03235d0,Intel::FILE_HASH,ABUSE-CH,F,MALWARE
9c3eba3be4c18bff5e1df32eb7feb60b1926ec45,Intel::FILE_HASH,ABUSE-CH,F,MALWARE
0795c45569fbc8ba2b61088b1b53fffef42c69fb,Intel::FILE_HASH,ABUSE-CH,F,MALWARE
8d82daf19a076ce55caf2354b54e71afcc184b4d,Intel::FILE_HASH,ABUSE-CH,F,MALWARE
7ccbaa605e1268afe762ba728cf6923d8a121dbf,Intel::FILE_HASH,ABUSE-CH,F,MALWARE
03f8e5d533a2889978489c683a42a3f1611cd12a,Intel::FILE_HASH,ABUSE-CH,F,MALWARE
cea91d98fb1484954501a8b38d951686ed49eda8,Intel::FILE_HASH,ABUSE-CH,F,MALWARE
a7e8bf3ded34d7afcce7e74bfa0d9b83f8ac2722,Intel::FILE_HASH,ABUSE-CH,F,MALWARE
afc7b16b2edd11af270ad4faa23567d4d2e867a3,Intel::FILE_HASH,ABUSE-CH,F,MALWARE
a3da6fee2030bf102aa89fd344839d6cc1a1d243,Intel::FILE_HASH,ABUSE-CH,F,MALWARE
59078ad5e45fc7384f7c4097becd27a9074337a3,Intel::FILE_HASH,ABUSE-CH,F,MALWARE
1dc23c7dfead93a346271f1b66e0a70cc8a6287d,Intel::FILE_HASH,ABUSE-CH,F,MALWARE
413947555c7767d5626de6e95dab518c5017f22e,Intel::FILE_HASH,ABUSE-CH,F,MALWARE
1d6d4a99c92787defe61ad9e771b72dff200a0fd,Intel::FILE_HASH,ABUSE-CH,F,MALWARE
5d915726d8245ef787f25abea86352996e3e3e07,Intel::FILE_HASH,ABUSE-CH,F,MALWARE
8965f590a1fff9a04936b63fb302db76078c237b,Intel::FILE_HASH,ABUSE-CH,F,MALWARE
d2e66dec99f6d32a1cdc4d93436570948255e5d4,Intel::FILE_HASH,ABUSE-CH,F,MALWARE
99518addf72cb85cd19122cec7bd0201aebbd7d0,Intel::FILE_HASH,ABUSE-CH,F,MALWARE
2e8ebf9fe1c7dd0120f9e5eba45ca1ed11ead4f1,Intel::FILE_HASH,ABUSE-CH,F,MALWARE
958b5a4a713d1f160b72dba809d95f8fabe0fa25,Intel::FILE_HASH,ABUSE-CH,F,MALWARE
7be4aa4f829fd97eede5ec02fcddb44174bc9a46,Intel::FILE_HASH,ABUSE-CH,F,MALWARE
e395df64e71403251056b6793bedd663fca5ddbf,Intel::FILE_HASH,ABUSE-CH,F,MALWARE
87549633999fc959428ed61767720aa939165d15,Intel::FILE_HASH,ABUSE-CH,F,MALWARE
efeb78efd4f559b344339da15c94aed6a8535682,Intel::FILE_HASH,ABUSE-CH,F,MALWARE
904da862281f6a19155a5710c9bfb26f81485a26,Intel::FILE_HASH,ABUSE-CH,F,MALWARE
53de9d6e3d7816d949aa1adcb479f73367da8cc2,Intel::FILE_HASH,ABUSE-CH,F,MALWARE
170e68634eb1f8e2523da558f7de4c15d55568f8,Intel::FILE_HASH,ABUSE-CH,F,MALWARE
ffbe00b65889aa4554fb6aef8cac9383652dae6e,Intel::FILE_HASH,ABUSE-CH,F,MALWARE
d37a15e402c7d41e6139e563ff0f9696cf288a94,Intel::FILE_HASH,ABUSE-CH,F,MALWARE
ba7eef5b9ff3e388335540385f336de4dfe8f1f6,Intel::FILE_HASH,ABUSE-CH,F,MALWARE
f0ff9433d77ca5bce3e904dcd48e9745caa24913,Intel::FILE_HASH,ABUSE-CH,F,MALWARE
